model,OPNID,LSID,Landcover,Wetland Type,Agricultural Use,Agricultural Managment,Agricultural Application,Crop Type,Forest Species,Forest Age,Soil type,Slope,Contribution Flag,Riparian Type,Rangeland Type,Developed Type,Feedlot Type
BigFork,10,Wetland,Wetland,,,,,,,,,,,,,,
BigFork,11,Urban,Developed,,,,,,,,,,,,,Urban,
BigFork,12,Old Decid Forest AB,Forest,,,,,,Deciduous,Old,AB,,,,,,
BigFork,13,Old Decid Forest CD,Forest,,,,,,Deciduous,Old,CD,,,,,,
BigFork,14,Young Forest AB,Forest,,,,,,,Young,AB,,,,,,
BigFork,15,Young Forest CD,Forest,,,,,,,Young,CD,,,,,,
BigFork,16,Old Evr Forest AB,Forest,,,,,,Evergreen,Old,AB,,,,,,
BigFork,17,Old Evr Forest CD,Forest,,,,,,Evergreen,Old,CD,,,,,,
BigFork,18,Agricultrual,Agricultural,,,,,,,,,,,,,,
BigFork,19,Ag Placeholder,Placeholder,,,,,,,,,,,,,,
BigFork,20,Grasslands,Grassland,,,,,,,,,,,,,,
BigFork,21,Feedlots,Feedlot,,,,,,,,,,,,,,
BigSioux,11,Urban,Developed,,,,,,,,,,,,,Urban,
BigSioux,12,Rangeland,Rangeland,,,,,,,,,,,,,,
BigSioux,13,Riparian Rangeland,Rangeland,,,,,,,,,,,,Riparian,,
BigSioux,14,Cropland High Till,Agricultural,,Cropland,Conventional,,,,,,,,,,,
BigSioux,15,Cropland Low Till,Agricultural,,Cropland,Conservation,,,,,,,,,,,
BigSioux,16,Riparian Cropland,Agricultural,,Cropland,,,,,,,,,,,,
BigSioux,17,Wetland,Wetland,,,,,,,,,,,,,,
BigSioux,18,Riparian,Riparian,,,,,,,,,,,,,,
BigSioux,19,Feedlot (AFO),Feedlot,,,,,,,,,,,,,,
BigSioux,20,Riparian AFO,Riparian,,,,,,,,,,,Feedlot,,,
BlueEarth,10,Urban,Developed,,,,,,,,,,,,,Urban,
BlueEarth,11,Forest,Forest,,,,,,,,,,,,,,
BlueEarth,12,"Cropland - ConserA,B",Agricultural,,Cropland,Conservation,,,,,AB,,,,,,
BlueEarth,22,"Cropland - ConserC,D",Agricultural,,Cropland,Conservation,,,,,CD,,,,,,
BlueEarth,13,"Cropland - ConvenA,B",Agricultural,,Cropland,Conventional,,,,,AB,,,,,,
BlueEarth,23,"Cropland - ConvenC,D",Agricultural,,Cropland,Conventional,,,,,CD,,,,,,
BlueEarth,14,"Cropland - ManureA,B",Agricultural,,Cropland,,Manure,,,,AB,,,,,,
BlueEarth,15,Grassland,Grassland,,,,,,,,,,,,,,
BlueEarth,16,Pasture,Agricultural,,Pasture,,,,,,,,,,,,
BlueEarth,17,Wetland,Wetland,,,,,,,,,,,,,,
BlueEarth,18,Feedlot,Feedlot,,,,,,,,,,,,,,
BlueEarth,19,Bluff,Bluff,,,,,,,,,,,,,,
BlueEarth,20,Ravine,Ravine,,,,,,,,,,,,,,
Buffalo,101,DEVELOPED_,Developed,,,,,,,,,,,,,,
Buffalo,111,ROADS_,Developed,,,,,,,,,,,,,Road,
Buffalo,121,WATER_,Water,,,,,,,,,,,,,,
Buffalo,131,FOREST_,Forest,,,,,,,,,,,,,,
Buffalo,141,GRASSLAND_,Grassland,,,,,,,,,,,,,,
Buffalo,151,PASTURE_,Agricultural,,Pasture,,,,,,,,,,,,
Buffalo,161,FEEDLOTS_AFO_,Feedlot,,,,,,,,,,,,,,AFO
Buffalo,171,FEEDLOTS_CAFO_,Feedlot,,,,,,,,,,,,,,CAFO
Buffalo,181,CROP_AB_CONV_,Agricultural,,Cropland,Conventional,,,,,AB,,,,,,
Buffalo,191,CROP_AB_CONS_,Agricultural,,Cropland,Conservation,,,,,AB,,,,,,
Buffalo,201,CROP_CD_CONV_,Agricultural,,Cropland,Conventional,,,,,CD,,,,,,
Buffalo,211,CROP_CD_CONS_,Agricultural,,Cropland,Conservation,,,,,CD,,,,,,
Buffalo,221,CROP_DRAINED_CONV_,Agricultural,,Cropland,Conventional,,,,,Drained,,,,,,
Buffalo,231,CROP_DRAINED_CONS_,Agricultural,,Cropland,Conservation,,,,,Drained,,,,,,
Cannon,1,Forest - AB,Forest,,,,,,,,AB,,,,,,
Cannon,14,Forest - CD,Forest,,,,,,,,CD,,,,,,
Cannon,27,Water/Wetlands,Wetland,,,,,,,,,,,,,,
Cannon,40,Grassland - AB,Grassland,,,,,,,,AB,,,,,,
Cannon,53,Grassland - CD,Grassland,,,,,,,,CD,,,,,,
Cannon,66,Pasture - AB,Agricultural,,Pasture,,,,,,AB,,,,,,
Cannon,79,Pasture - CD,Agricultural,,Pasture,,,,,,CD,,,,,,
Cannon,92,Cropland - AB,Agricultural,,Cropland,,,,,,AB,,,,,,
Cannon,105,Cropland - CD,Agricultural,,Cropland,,,,,,CD,,,,,,
Cannon,118,Cropland - Drained,Agricultural,,Cropland,,,,,,Drained,,,,,,
Cannon,131,"Developed,OpenSpace",Developed,,,,,,,,,,,,,Open Space,
Cannon,144,"Developed,Low",Developed,,,,,,,,,,,,,Low Intensity,
Cannon,157,"Developed,Med-High",Developed,,,,,,,,,,,,,Medium Intensity,
Cannon,170,Feedlots,Feedlot,,,,,,,,,,,,,,
Cedar,10,Feedlots,Feedlot,,,,,,,,,,,,,,
Cedar,11,Developed,Developed,,,,,,,,,,,,,,
Cedar,12,Low Till Cropland AB,Agricultural,,Cropland,Conservation,,,,,AB,,,,,,
Cedar,13,High Till Cropland AB,Agricultural,,Cropland,Conventional,,,,,AB,,,,,,
Cedar,14,Low Till Cropland CD,Agricultural,,Cropland,Conservation,,,,,CD,,,,,,
Cedar,15,High Till Cropland CD,Agricultural,,Cropland,Conventional,,,,,CD,,,,,,
Cedar,16,Forest,Forest,,,,,,,,,,,,,,
Cedar,17,Grassland,Grassland,,,,,,,,,,,,,,
Cedar,18,Pasture,Agricultural,,Pasture,,,,,,,,,,,,
Cedar,19,Wetlands,Wetland,,,,,,,,,,,,,,
Chippewa,11,WATR_ALL_,Water,,,,,,,,,,,,,,
Chippewa,31,WETL_ALL_,Wetland,,,,,,,,,,,,,,
Chippewa,41,FRST_ABC_,Forest,,,,,,,,ABC,,,,,,
Chippewa,61,FRST_D_,Forest,,,,,,,,D,,,,,,
Chippewa,81,GRSS_ABC_,Grassland,,,,,,,,ABC,,,,,,
Chippewa,101,GRSS_D_,Grassland,,,,,,,,D,,,,,,
Chippewa,121,PAST_ABC_,Agricultural,,Pasture,,,,,,ABC,,,,,,
Chippewa,141,PAST_D_,Agricultural,,Pasture,,,,,,D,,,,,,
Chippewa,161,CROP_ABC_,Agricultural,,Cropland,,,,,,ABC,,,,,,
Chippewa,181,CROP_D_,Agricultural,,Cropland,,,,,,D,,,,,,
Chippewa,201,CONS_ABC_,Agricultural,,Cropland,Conservation,,,,,ABC,,,,,,
Chippewa,221,CONS_D_,Agricultural,,Cropland,Conservation,,,,,D,,,,,,
Chippewa,301,MANU_ABC_,Agricultural,,Cropland,,Manure,,,,ABC,,,,,,
Chippewa,321,MANU_D_,Agricultural,,Cropland,,Manure,,,,D,,,,,,
Chippewa,341,DEVP_ABC_,Developed,,,,,,,,ABC,,,,,,
Chippewa,361,DEVP_D_,Developed,,,,,,,,D,,,,,,
Chippewa,382,BLUFF,Bluff,,,,,,,,,,,,,,
Clearwater,10,Feedlots,Feedlot,,,,,,,,,,,,,,
Clearwater,11,Developed,Developed,,,,,,,,,,,,,,
Clearwater,12,Forest AB,Forest,,,,,,,,AB,,,,,,
Clearwater,13,Forest CD,Forest,,,,,,,,CD,,,,,,
Clearwater,14,Cropland High,Agricultural,,Cropland,Conventional,,,,,,,,,,,
Clearwater,16,Grassland,Grassland,,,,,,,,,,,,,,
Clearwater,17,Pasture AB,Agricultural,,Pasture,,,,,,AB,,,,,,
Clearwater,18,Pasture CD,Agricultural,,Pasture,,,,,,CD,,,,,,
Clearwater,19,Wetlands,Wetland,,,,,,,,,,,,,,
Clearwater,25,Cropland Low,Agricultural,,Cropland,Conservation,,,,,,,,,,,
Cottonwood,10,Urban,Developed,,,,,,,,,,,,,Urban,
Cottonwood,11,Forest,Forest,,,,,,,,,,,,,,
Cottonwood,12,Cropland - ConsAB,Agricultural,,Cropland,Conservation,,,,,AB,,,,,,
Cottonwood,22,Cropland - ConsCD,Agricultural,,Cropland,Conservation,,,,,CD,,,,,,
Cottonwood,13,Cropland - ConvAB,Agricultural,,Cropland,Conventional,,,,,AB,,,,,,
Cottonwood,23,Cropland - ConvCD,Agricultural,,Cropland,Conventional,,,,,CD,,,,,,
Cottonwood,14,Cropland - ManAAB,Agricultural,,Cropland,,Manure,,,,AB,,,,,,
Cottonwood,15,Grassland,Grassland,,,,,,,,,,,,,,
Cottonwood,16,Pasture,Agricultural,,Pasture,,,,,,,,,,,,
Cottonwood,17,Wetland,Wetland,,,,,,,,,,,,,,
Cottonwood,18,Feedlot,Feedlot,,,,,,,,,,,,,,
Cottonwood,19,Bluff,Bluff,,,,,,,,,,,,,,
Cottonwood,20,Ravine,Ravine,,,,,,,,,,,,,,
CrowWing,51,Forest - AB,Forest,,,,,,,,AB,,,,,,
CrowWing,52,Forest - CD,Forest,,,,,,,,CD,,,,,,
CrowWing,53,Wetlands,Wetland,,,,,,,,,,,,,,
CrowWing,54,Grassland - AB,Grassland,,,,,,,,AB,,,,,,
CrowWing,55,Grassland - CD,Grassland,,,,,,,,CD,,,,,,
CrowWing,56,Pasture - AB,Agricultural,,Pasture,,,,,,AB,,,,,,
CrowWing,57,Pasture - CD,Agricultural,,Pasture,,,,,,CD,,,,,,
CrowWing,58,Cropland-AB,Agricultural,,Cropland,,,,,,AB,,,,,,
CrowWing,59,Cropland-CD,Agricultural,,Cropland,,,,,,CD,,,,,,
CrowWing,60,Cropland-Drained,Agricultural,,Cropland,,,,,,Drained,,,,,,
CrowWing,61,"Dev, Open Space",Developed,,,,,,,,,,,,,Open Space,
CrowWing,62,"Dev, Low Intensity",Developed,,,,,,,,,,,,,Low Intensity,
CrowWing,63,"Dev, Medium Intensit",Developed,,,,,,,,,,,,,Medium Intensity,
DesMoines,101,FRST_AB,Forest,,,,,,,,AB,,,,,,
DesMoines,102,FRST_CD,Forest,,,,,,,,CD,,,,,,
DesMoines,103,WETW_NA,Wetland,,,,,,,,,,,,,,
DesMoines,104,GRAS_AB,Grassland,,,,,,,,AB,,,,,,
DesMoines,105,GRAS_CD,Grassland,,,,,,,,CD,,,,,,
DesMoines,106,PAST_AB,Agricultural,,Pasture,,,,,,AB,,,,,,
DesMoines,107,PAST_CD,Agricultural,,Pasture,,,,,,CD,,,,,,
DesMoines,108,UROP_NA,Developed,,,,,,,,,,,,,Open Space,
DesMoines,109,URLD_NA,Developed,,,,,,,,,,,,,Low Intensity,
DesMoines,110,URMH_NA,Developed,,,,,,,,,,,,,Medium Intensity,
DesMoines,111,CONV_AB,Agricultural,,Cropland,Conventional,,,,,AB,,,,,,
DesMoines,112,CONV_CD,Agricultural,,Cropland,Conventional,,,,,CD,,,,,,
DesMoines,113,CONV_DR,Agricultural,,Cropland,Conventional,,,,,Drained,,,,,,
DesMoines,114,CONS_AB,Agricultural,,Cropland,Conservation,,,,,AB,,,,,,
DesMoines,115,CONS_CD,Agricultural,,Cropland,Conservation,,,,,CD,,,,,,
DesMoines,116,CONS_DR,Agricultural,,Cropland,Conservation,,,,,Drained,,,,,,
DesMoines,117,MANR_AB,Agricultural,,Cropland,,Manure,,,,AB,,,,,,
DesMoines,118,MANR_DR,Agricultural,,Cropland,,Manure,,,,Drained,,,,,,
GrandMarais,530,Feedlots,Feedlot,,,,,,,,,,,,,,
GrandMarais,531,Urban,Developed,,,,,,,,,,,,,Urban,
GrandMarais,532,Low Till Cropland AB,Agricultural,,Cropland,Conservation,,,,,AB,,,,,,
GrandMarais,533,High Till Cropland AB,Agricultural,,Cropland,Conventional,,,,,AB,,,,,,
GrandMarais,534,Low Till Cropland CD,Agricultural,,Cropland,Conservation,,,,,CD,,,,,,
GrandMarais,535,High Till Cropland CD,Agricultural,,Cropland,Conventional,,,,,CD,,,,,,
GrandMarais,536,Forest,Forest,,,,,,,,,,,,,,
GrandMarais,537,Grassland,Grassland,,,,,,,,,,,,,,
GrandMarais,538,Pasture,Agricultural,,Pasture,,,,,,,,,,,,
GrandMarais,539,Wetlands,Wetland,,,,,,,,,,,,,,
HawkYellowMedicine,1,WATER,Water,,,,,,,,,,,,,,
HawkYellowMedicine,15,BARREN,Barren,,,,,,,,,,,,,,
HawkYellowMedicine,29,WETLAND,Wetland,,,,,,,,,,,,,,
HawkYellowMedicine,43,FOREST_ABC,Forest,,,,,,,,ABC,,,,,,
HawkYellowMedicine,71,FOREST_D,Forest,,,,,,,,D,,,,,,
HawkYellowMedicine,127,GRASS_ABC_L,Grassland,,,,,,,,ABC,Low,,,,,
HawkYellowMedicine,141,GRASS_ABC_H,Grassland,,,,,,,,ABC,High,,,,,
HawkYellowMedicine,183,GRASS_D_L,Grassland,,,,,,,,D,Low,,,,,
HawkYellowMedicine,197,GRASS_D_H,Grassland,,,,,,,,D,High,,,,,
HawkYellowMedicine,211,ConvenTill_AB_L,Agricultural,,Cropland,Conventional,,,,,ABC,Low,,,,,
HawkYellowMedicine,225,ConvenTill_AB_H,Agricultural,,Cropland,Conventional,,,,,ABC,High,,,,,
HawkYellowMedicine,239,ConvenTill_CD_L,Agricultural,,Cropland,Conventional,,,,,CD,Low,,,,,
HawkYellowMedicine,253,ConvenTill_CD_H,Agricultural,,Cropland,Conventional,,,,,CD,High,,,,,
HawkYellowMedicine,295,ConserTill_AB_L,Agricultural,,Cropland,Conservation,,,,,ABC,Low,,,,,
HawkYellowMedicine,309,ConserTill_AB_H,Agricultural,,Cropland,Conservation,,,,,ABC,High,,,,,
HawkYellowMedicine,323,ConserTill_CD_L,Agricultural,,Cropland,Conservation,,,,,CD,Low,,,,,
HawkYellowMedicine,337,ConserTill_CD_H,Agricultural,,Cropland,Conservation,,,,,CD,High,,,,,
HawkYellowMedicine,379,Manure_AB_L,Agricultural,,Cropland,,Manure,,,,AB,Low,,,,,
HawkYellowMedicine,393,Manure_AB_H,Agricultural,,Cropland,,Manure,,,,AB,High,,,,,
HawkYellowMedicine,407,Manure_CD_L,Agricultural,,Cropland,,Manure,,,,CD,Low,,,,,
HawkYellowMedicine,421,Manure_CD_H,Agricultural,,Cropland,,Manure,,,,CD,High,,,,,
HawkYellowMedicine,463,DEVPERV_ABC,Developed,,,,,,,,ABC,,,,,,
HawkYellowMedicine,491,DEVPERV_D,Developed,,,,,,,,D,,,,,,
HawkYellowMedicine,507,BLUFF,Bluff,,,,,,,,,,,,,,
Kettle,21,Forest - AB,Forest,,,,,,,,AB,,,,,,
Kettle,22,Forest - CD,Forest,,,,,,,,CD,,,,,,
Kettle,23,Emerg Herb Wetland,Wetland,Herbaceous,,,,,,,,,,,,,
Kettle,24,Woody Wetlands,Wetland,Woody,,,,,,,,,,,,,
Kettle,25,Grassland - AB,Grassland,,,,,,,,AB,,,,,,
Kettle,26,Grassland - CD,Grassland,,,,,,,,CD,,,,,,
Kettle,27,Pasture - AB,Agricultural,,Pasture,,,,,,AB,,,,,,
Kettle,28,Pasture - CD,Agricultural,,Pasture,,,,,,CD,,,,,,
Kettle,29,Cropland - AB,Agricultural,,Cropland,,,,,,AB,,,,,,
Kettle,30,Cropland - CD,Agricultural,,Cropland,,,,,,CD,,,,,,
Kettle,31,Cropland-Drained,Agricultural,,Cropland,,,,,,Drained,,,,,,
Kettle,32,"Dev, Open Space",Developed,,,,,,,,,,,,,Open Space,
Kettle,33,"Dev, Low Intensity",Developed,,,,,,,,,,,,,Low Intensity,
Kettle,34,"Dev, Medium Intensit",Developed,,,,,,,,,,,,,Medium Intensity,
LOWUS,110,Wetland,Wetland,,,,,,,,,,,,,,
LOWUS,111,Urban,Developed,,,,,,,,,,,,,Urban,
LOWUS,112,Old Deciduous Forest (AB Soils),Forest,,,,,,Deciduous,Old,AB,,,,,,
LOWUS,113,Old Deciduous Forest (CD Soils),Forest,,,,,,Deciduous,Old,CD,,,,,,
LOWUS,114,Young Forest (AB Soils),Forest,,,,,,,Young,AB,,,,,,
LOWUS,115,Young Forest (CD Soils),Forest,,,,,,,Young,CD,,,,,,
LOWUS,116,Old Evergreen Forest (AB Soils),Forest,,,,,,Evergreen,Old,AB,,,,,,
LOWUS,117,Old Evergreen Forest (CD Soils),Forest,,,,,,Evergreen,Old,CD,,,,,,
LOWUS,118,Agricultural - High Till,Agricultural,,Cropland,Conventional,,,,,,,,,,,
LOWUS,119,Agricultural - Low Till,Agricultural,,Cropland,Conservation,,,,,,,,,,,
LOWUS,120,Grasslands,Grassland,,,,,,,,,,,,,,
LOWUS,121,Feedlot,Feedlot,,,,,,,,,,,,,,
LacQuiParle,101,WATR_CD_NLDAS_GP,Water,,,,,,,,CD,,,,,,
LacQuiParle,102,UROP__NLDAS_GP,Developed,,,,,,,,,,,,,Open Space,
LacQuiParle,103,URLD__NLDAS_GP,Developed,,,,,,,,,,,,,Low Intensity,
LacQuiParle,104,URMH__NLDAS_GP,Developed,,,,,,,,,,,,,Medium Intensity,
LacQuiParle,105,BRRN_CD_NLDAS_GP,Barren,,,,,,,,CD,,,,,,
LacQuiParle,106,FRST__NLDAS_GP,Forest,,,,,,,,,,,,,,
LacQuiParle,107,SHRB_AB_NLDAS_GP,Shrub,,,,,,,,AB,,,,,,
LacQuiParle,108,SHRB_CD_NLDAS_GP,Shrub,,,,,,,,CD,,,,,,
LacQuiParle,109,PAST_AB_NLDAS_GP,Agricultural,,Pasture,,,,,,AB,,,,,,
LacQuiParle,110,PAST_CD_NLDAS_GP,Agricultural,,Pasture,,,,,,CD,,,,,,
LacQuiParle,111,CPAB_CONV_NON_NLDAS_GP,Agricultural,,Cropland,Conventional,,,,,AB,,,,,,
LacQuiParle,112,CPCD_CONV_NON_NLDAS_GP,Agricultural,,Cropland,Conventional,,,,,CD,,,,,,
LacQuiParle,113,CPDR_CONV_NON_NLDAS_GP,Agricultural,,Cropland,Conventional,,,,,Drained,,,,,,
LacQuiParle,116,RODP__NLDAS_GP,Developed,,,,,,,,,,,,,Paved Road,
LacQuiParle,117,RODU__NLDAS_GP,Developed,,,,,,,,,,,,,Unpaved Road,
LacQuiParle,118,AFOP__NLDAS_GP,Feedlot,,,,,,,,,,,,,,AFO
LacQuiParle,119,CPAB_CONS_NON_NLDAS_GP,Agricultural,,Cropland,Conservation,,,,,AB,,,,,,
LacQuiParle,120,CPCD_CONS_NON_NLDAS_GP,Agricultural,,Cropland,Conservation,,,,,CD,,,,,,
LacQuiParle,121,CPDR_CONS_NON_NLDAS_GP,Agricultural,,Cropland,Conservation,,,,,Drained,,,,,,
LacQuiParle,122,CPAB_CONV_MAN_NLDAS_GP,Agricultural,,Cropland,Conventional,Manure,,,,AB,,,,,,
LacQuiParle,123,CPDR_CONV_MAN_NLDAS_GP,Agricultural,,Cropland,Conventional,Manure,,,,Drained,,,,,,
LeSueur,10,Urban,Developed,,,,,,,,,,,,,Urban,
LeSueur,11,Forest,Forest,,,,,,,,,,,,,,
LeSueur,12,"Cropland - ConserA,B",Agricultural,,Cropland,Conservation,,,,,AB,,,,,,
LeSueur,22,"Cropland - ConserC,D",Agricultural,,Cropland,Conservation,,,,,CD,,,,,,
LeSueur,13,"Cropland - ConvenA,B",Agricultural,,Cropland,Conventional,,,,,AB,,,,,,
LeSueur,23,"Cropland - ConvenC,D",Agricultural,,Cropland,Conventional,,,,,CD,,,,,,
LeSueur,14,"Cropland - ManureA,B",Agricultural,,Cropland,,Manure,,,,AB,,,,,,
LeSueur,15,Grassland,Grassland,,,,,,,,,,,,,,
LeSueur,16,Pasture,Agricultural,,Pasture,,,,,,,,,,,,
LeSueur,17,Wetland,Wetland,,,,,,,,,,,,,,
LeSueur,18,Feedlot,Feedlot,,,,,,,,,,,,,,
LeSueur,19,Bluff,Bluff,,,,,,,,,,,,,,
LeSueur,20,Ravine,Ravine,,,,,,,,,,,,,,
LeechLake,110,Urban,Developed,,,,,,,,,,,,,Urban,
LeechLake,111,Old Deciduous ForestAB Soils,Forest,,,,,,Deciduous,Old,AB,,,,,,
LeechLake,112,Old Deciduous ForestCD Soils,Forest,,,,,,Deciduous,Old,CD,,,,,,
LeechLake,113,Old Conifer ForestAB Soils),Forest,,,,,,Conifer,Old,AB,,,,,,
LeechLake,114,Old Conifer ForestCD Soils),Forest,,,,,,Conifer,Old,CD,,,,,,
LeechLake,115,Young ForestAB Soils),Forest,,,,,,,Young,AB,,,,,,
LeechLake,116,Young ForestCD Soils),Forest,,,,,,,Young,CD,,,,,,
LeechLake,117,Grassland,Grassland,,,,,,,,,,,,,,
LeechLake,118,Pasture/Hay (AB Soils),Agricultural,,Pasture,,,,,,AB,,,,,,
LeechLake,119,Pasture/Hay (CD Soils),Agricultural,,Pasture,,,,,,CD,,,,,,
LeechLake,120,Agriculture,Agricultural,,,,,,,,,,,,,,
LeechLake,121,Wetlands,Wetland,,,,,,,,,,,,,,
LeechLake,122,Feedlots,Feedlot,,,,,,,,,,,,,,
LittleFork,10,Wetlands,Wetland,,,,,,,,,,,,,,
LittleFork,11,Developed,Developed,,,,,,,,,,,,,,
LittleFork,12,Old Decid Forest AB,Forest,,,,,,Deciduous,Old,AB,,,,,,
LittleFork,13,Old Decid Forest CD,Forest,,,,,,Deciduous,Old,CD,,,,,,
LittleFork,14,Young Forest AB,Forest,,,,,,,Young,AB,,,,,,
LittleFork,15,Young Forest CD,Forest,,,,,,,Young,CD,,,,,,
LittleFork,16,Old Everg Forest AB,Forest,,,,,,Evergreen,Old,AB,,,,,,
LittleFork,17,Old Everg Forest CD,Forest,,,,,,Evergreen,Old,CD,,,,,,
LittleFork,18,Agriculture,Agricultural,,,,,,,,,,,,,,
LittleFork,19,AgriculturePlacehold,Placeholder,,Placeholder,,,,,,,,,,,,
LittleFork,20,Grassland Pasture,Grassland,,,,,,,,,,,,,,
LittleFork,21,Feedlots,Feedlot,,,,,,,,,,,,,,
LittleSioux,471,Developed,Developed,,,,,,,,,,,,,,
LittleSioux,472,Forest,Forest,,,,,,,,,,,,,,
LittleSioux,473,Agriculture (Low Till),Agricultural,,Cropland,Conservation,,,,,,,,,,,
LittleSioux,474,Agriculture (High Till),Agricultural,,Cropland,Conventional,,,,,,,,,,,
LittleSioux,475,Grasslands,Grassland,,,,,,,,,,,,,,
LittleSioux,476,Pasture,Agricultural,,Pasture,,,,,,,,,,,,
LittleSioux,477,Wetlands,Wetland,,,,,,,,,,,,,,
LittleSioux,478,Feedlots,Feedlot,,,,,,,,,,,,,,
LongPrairie,51,Forest - AB,Forest,,,,,,,,AB,,,,,,
LongPrairie,52,Forest - CD,Forest,,,,,,,,CD,,,,,,
LongPrairie,53,Wetlands,Wetland,,,,,,,,,,,,,,
LongPrairie,54,Grassland - AB,Grassland,,,,,,,,AB,,,,,,
LongPrairie,55,Grassland - CD,Grassland,,,,,,,,CD,,,,,,
LongPrairie,56,Pasture - AB,Agricultural,,Pasture,,,,,,AB,,,,,,
LongPrairie,57,Pasture - CD,Agricultural,,Pasture,,,,,,CD,,,,,,
LongPrairie,58,Cropland-AB,Agricultural,,Cropland,,,,,,AB,,,,,,
LongPrairie,59,Cropland-CD,Agricultural,,Cropland,,,,,,CD,,,,,,
LongPrairie,60,Cropland-Drained,Agricultural,,Cropland,,,,,,Drained,,,,,,
LongPrairie,61,"Dev, Open Space",Developed,,,,,,,,,,,,,Open Space,
LongPrairie,62,"Dev, Low Intensity",Developed,,,,,,,,,,,,,Low Intensity,
LongPrairie,63,"Dev, Medium Intensit",Developed,,,,,,,,,,,,,Medium Intensity,
LowerMN,10,Urban,Developed,,,,,,,,,,,,,Urban,
LowerMN,11,Forest,Forest,,,,,,,,,,,,,,
LowerMN,12,Cropland Conservation AB,Agricultural,,Cropland,Conservation,,,,,AB,,,,,,
LowerMN,13,Cropland Conventional AB,Agricultural,,Cropland,Conventional,,,,,AB,,,,,,
LowerMN,14,Cropland Manure AB,Agricultural,,Cropland,Conventional,Manure,,,,AB,,,,,,
LowerMN,15,Grassland,Grassland,,,,,,,,,,,,,,
LowerMN,16,Pasture,Agricultural,,Pasture,,,,,,,,,,,,
LowerMN,17,Wetland,Wetland,,,,,,,,,,,,,,
LowerMN,18,Feedlot,Feedlot,,,,,,,,,,,,,,
LowerMN,19,Bluff,Bluff,,,,,,,,,,,,,,
LowerMN,20,Ravine,Ravine,,,,,,,,,,,,,,
LowerMN,22,Cropland Conservation CD,Agricultural,,Cropland,Conservation,,,,,CD,,,,,,
LowerMN,23,Cropland Conventional CD,Agricultural,,Cropland,Conventional,,,,,CD,,,,,,
LowerRed,10,Feedlots,Feedlot,,,,,,,,,,,,,,
LowerRed,11,Urban,Developed,,,,,,,,,,,,,Urban,
LowerRed,12,Low Till Cropland AB,Agricultural,,Cropland,Conservation,,,,,AB,,,,,,
LowerRed,13,High Till Cropland AB,Agricultural,,Cropland,Conventional,,,,,AB,,,,,,
LowerRed,14,Low Till Cropland CD,Agricultural,,Cropland,Conservation,,,,,CD,,,,,,
LowerRed,15,High Till Cropland CD,Agricultural,,Cropland,Conventional,,,,,CD,,,,,,
LowerRed,16,Forest,Forest,,,,,,,,,,,,,,
LowerRed,17,Grassland,Grassland,,,,,,,,,,,,,,
LowerRed,18,Pasture,Agricultural,,Pasture,,,,,,,,,,,,
LowerRed,19,Wetlands,Wetland,,,,,,,,,,,,,,
MiddleMN,10,Urban,Developed,,,,,,,,,,,,,Urban,
MiddleMN,11,Forest,Forest,,,,,,,,,,,,,,
MiddleMN,12,Cropland Conservation AB,Agricultural,,Cropland,Conservation,,,,,AB,,,,,,
MiddleMN,13,Cropland Conventional AB,Agricultural,,Cropland,Conventional,,,,,AB,,,,,,
MiddleMN,14,Cropland Manure AB,Agricultural,,Cropland,Conventional,Manure,,,,AB,,,,,,
MiddleMN,15,Grassland,Grassland,,,,,,,,,,,,,,
MiddleMN,16,Pasture,Agricultural,,Pasture,,,,,,,,,,,,
MiddleMN,17,Wetland,Wetland,,,,,,,,,,,,,,
MiddleMN,18,Feedlot,Feedlot,,,,,,,,,,,,,,
MiddleMN,19,Bluff,Bluff,,,,,,,,,,,,,,
MiddleMN,20,Ravine,Ravine,,,,,,,,,,,,,,
MiddleMN,22,Cropland Conservation CD,Agricultural,,Cropland,Conservation,,,,,CD,,,,,,
MiddleMN,23,Cropland Conventional CD,Agricultural,,Cropland,Conventional,,,,,CD,,,,,,
MissBrainerd,210,Urban,Developed,,,,,,,,,,,,,Urban,
MissBrainerd,211,Old Deciduous Forest AB,Forest,,,,,,Deciduous,Old,AB,,,,,,
MissBrainerd,212,Old Deciduous Forest CD,Forest,,,,,,Deciduous,Old,CD,,,,,,
MissBrainerd,213,Old Conifer Forest AB,Forest,,,,,,Conifer,Old,AB,,,,,,
MissBrainerd,214,Old Conifer Forest CD,Forest,,,,,,Conifer,Old,CD,,,,,,
MissBrainerd,215,Young Forest  AB Soils,Forest,,,,,,,Young,AB,,,,,,
MissBrainerd,216,Young Forest CD Soils,Forest,,,,,,,Young,CD,,,,,,
MissBrainerd,217,Grassland,Grassland,,,,,,,,,,,,,,
MissBrainerd,218,Pasture Hay AB Soils,Agricultural,,Pasture,,,,,,AB,,,,,,
MissBrainerd,219,Pasture Hay CD Soils,Agricultural,,Pasture,,,,,,CD,,,,,,
MissBrainerd,220,Agriculture,Agricultural,,,,,,,,,,,,,,
MissBrainerd,221,Wetlands,Wetland,,,,,,,,,,,,,,
MissBrainerd,222,Feedlots,Feedlot,,,,,,,,,,,,,,
MissGrandRapids,10,Urban,Developed,,,,,,,,,,,,,Urban,
MissGrandRapids,11,Old Decid Forest AB,Forest,,,,,,Deciduous,Old,AB,,,,,,
MissGrandRapids,12,Old Decid Forest CD,Forest,,,,,,Deciduous,Old,CD,,,,,,
MissGrandRapids,13,Old Conif Forest AB,Forest,,,,,,Conifer,Old,AB,,,,,,
MissGrandRapids,14,Old Conif Forest CD,Forest,,,,,,Conifer,Old,CD,,,,,,
MissGrandRapids,15,Young Forest AB,Forest,,,,,,,Young,AB,,,,,,
MissGrandRapids,16,Young Forest CD,Forest,,,,,,,Young,CD,,,,,,
MissGrandRapids,17,Grassland,Grassland,,,,,,,,,,,,,,
MissGrandRapids,18,Pasture/HayAB,Agricultural,,Pasture,,,,,,AB,,,,,,
MissGrandRapids,19,Pasture/HayCD,Agricultural,,Pasture,,,,,,CD,,,,,,
MissGrandRapids,20,Agriculture,Agricultural,,,,,,,,,,,,,,
MissGrandRapids,21,Wetlands,Wetland,,,,,,,,,,,,,,
MissGrandRapids,22,Feedlots,Feedlot,,,,,,,,,,,,,,
MissHeadwaters,10,Urban,Developed,,,,,,,,,,,,,Urban,
MissHeadwaters,11,Old Deciduous ForestAB Soils,Forest,,,,,,Deciduous,Old,AB,,,,,,
MissHeadwaters,12,Old Deciduous ForestCD Soils,Forest,,,,,,Deciduous,Old,CD,,,,,,
MissHeadwaters,13,Old Conifer ForestAB Soils),Forest,,,,,,Conifer,Old,AB,,,,,,
MissHeadwaters,14,Old Conifer ForestCD Soils),Forest,,,,,,Conifer,Old,CD,,,,,,
MissHeadwaters,15,Young ForestAB Soils),Forest,,,,,,,Young,AB,,,,,,
MissHeadwaters,16,Young ForestCD Soils),Forest,,,,,,,Young,CD,,,,,,
MissHeadwaters,17,Grassland,Grassland,,,,,,,,,,,,,,
MissHeadwaters,18,Pasture/HayAB Soils),Agricultural,,Pasture,,,,,,AB,,,,,,
MissHeadwaters,19,Pasture/HayCD Soils),Agricultural,,Pasture,,,,,,CD,,,,,,
MissHeadwaters,20,Agriculture,Agricultural,,,,,,,,,,,,,,
MissHeadwaters,21,Wetlands,Wetland,,,,,,,,,,,,,,
MissHeadwaters,22,Feedlots,Feedlot,,,,,,,,,,,,,,
MissSartell,390,Urban,Developed,,,,,,,,,,,,,Urban,
MissSartell,391,Old Deciduous ForestAB Soils,Forest,,,,,,Deciduous,Old,AB,,,,,,
MissSartell,392,Old Deciduous ForestCD Soils,Forest,,,,,,Deciduous,Old,CD,,,,,,
MissSartell,393,Old Conifer ForestAB Soils),Forest,,,,,,Conifer,Old,AB,,,,,,
MissSartell,394,Old Conifer ForestCD Soils),Forest,,,,,,Conifer,Old,CD,,,,,,
MissSartell,395,Young ForestAB Soils),Forest,,,,,,,Young,AB,,,,,,
MissSartell,396,Young ForestCD Soils),Forest,,,,,,,Young,CD,,,,,,
MissSartell,397,Grassland,Grassland,,,,,,,,,,,,,,
MissSartell,398,Pasture/HayAB Soils),Agricultural,,Pasture,,,,,,AB,,,,,,
MissSartell,399,Pasture/HayCD Soils),Agricultural,,Pasture,,,,,,CD,,,,,,
MissSartell,400,Agriculture,Agricultural,,,,,,,,,,,,,,
MissSartell,401,Wetlands,Wetland,,,,,,,,,,,,,,
MissSartell,402,Feedlots,Feedlot,,,,,,,,,,,,,,
MissStCloud,530,Urban,Developed,,,,,,,,,,,,,Urban,
MissStCloud,531,Old Deciduous ForestAB Soils,Forest,,,,,,Deciduous,Old,AB,,,,,,
MissStCloud,532,Old Deciduous ForestCD Soils,Forest,,,,,,Deciduous,Old,CD,,,,,,
MissStCloud,533,Old Conifer ForestAB Soils),Forest,,,,,,Conifer,Old,AB,,,,,,
MissStCloud,534,Old Conifer ForestCD Soils),Forest,,,,,,Conifer,Old,CD,,,,,,
MissStCloud,535,Young ForestAB Soils),Forest,,,,,,,Young,AB,,,,,,
MissStCloud,536,Young ForestCD Soils),Forest,,,,,,,Young,CD,,,,,,
MissStCloud,537,Grassland,Grassland,,,,,,,,,,,,,,
MissStCloud,538,Pasture/HayAB Soils),Agricultural,,Pasture,,,,,,AB,,,,,,
MissStCloud,539,Pasture/HayD Soils),Agricultural,,Pasture,,,,,,D,,,,,,
MissStCloud,540,Agriculture,Agricultural,,,,,,,,,,,,,,
MissStCloud,541,Wetlands,Wetland,,,,,,,,,,,,,,
MissStCloud,542,Feedlots,Feedlot,,,,,,,,,,,,,,
MustinkaBDS,50,Developed,Developed,,,,,,,,,,,,,,
MustinkaBDS,51,Forest,Forest,,,,,,,,,,,,,,
MustinkaBDS,52,Grassland,Grassland,,,,,,,,,,,,,,
MustinkaBDS,53,Pasture,Agricultural,,Pasture,,,,,,,,,,,,
MustinkaBDS,54,Cropland Low AB,Agricultural,,Cropland,Conservation,,,,,AB,,,,,,
MustinkaBDS,55,Cropland Low CD,Agricultural,,Cropland,Conservation,,,,,CD,,,,,,
MustinkaBDS,56,Cropland High AB,Agricultural,,Cropland,Conventional,,,,,AB,,,,,,
MustinkaBDS,57,Cropland High CD,Agricultural,,Cropland,Conventional,,,,,CD,,,,,,
MustinkaBDS,58,Wetland,Wetland,,,,,,,,,,,,,,
MustinkaBDS,59,Feedlot,Feedlot,,,,,,,,,,,,,,
NFCrow,110,Urban,Developed,,,,,,,,,,,,,Urban,
NFCrow,111,Forest AB,Forest,,,,,,,,AB,,,,,,
NFCrow,112,Forest CD,Forest,,,,,,,,CD,,,,,,
NFCrow,113,Low Till Crop,Agricultural,,Cropland,Conservation,,,,,,,,,,,
NFCrow,114,High Till Crop,Agricultural,,Cropland,Conventional,,,,,,,,,,,
NFCrow,115,High Till Crop Res,Placeholder,,Cropland,Conventional,,,,,,,,,,,
NFCrow,116,Rangeland AB,Rangeland,,,,,,,,AB,,,,,,
NFCrow,117,Rangeland CD,Rangeland,,,,,,,,CD,,,,,,
NFCrow,118,Pasture AB,Agricultural,,Pasture,,,,,,AB,,,,,,
NFCrow,119,Pasture CD,Agricultural,,Pasture,,,,,,CD,,,,,,
NFCrow,120,Wetland,Wetland,,,,,,,,,,,,,,
NFCrow,121,Feedlot,Feedlot,,,,,,,,,,,,,,
OtterTail,101,C_WATR_D,Water,,,,,,,,D,,Contributing,,,,
OtterTail,102,C_WETL_D,Wetland,,,,,,,,D,,Contributing,,,,
OtterTail,103,C_FOR A_A,Forest,,,,,,,,A,,Contributing,,,,
OtterTail,104,C_FORB_B,Forest,,,,,,,,B,,Contributing,,,,
OtterTail,105,C_FORC_CD,Forest,,,,,,,,CD,,Contributing,,,,
OtterTail,106,C_GRAS_A,Grassland,,,,,,,,A,,Contributing,,,,
OtterTail,107,C_GRAS_B,Grassland,,,,,,,,B,,Contributing,,,,
OtterTail,108,C_GRAS_CD,Grassland,,,,,,,,CD,,Contributing,,,,
OtterTail,109,C_PAST_A,Agricultural,,Pasture,,,,,,A,,Contributing,,,,
OtterTail,110,C_PAST_B,Agricultural,,Pasture,,,,,,B,,Contributing,,,,
OtterTail,111,C_PAST_CD,Agricultural,,Pasture,,,,,,CD,,Contributing,,,,
OtterTail,112,C_UROP_NA,Developed,,,,,,,,,,Contributing,,,Open Space,
OtterTail,113,C_URLD_NA,Developed,,,,,,,,,,Contributing,,,Low Intensity,
OtterTail,114,C_URMH_NA,Developed,,,,,,,,,,Contributing,,,Medium Intensity,
OtterTail,115,C_ROAD_NA,Developed,,,,,,,,,,Contributing,,,Road,
OtterTail,116,C_CRCV_A,Agricultural,,Cropland,Conventional,,,,,A,,Contributing,,,,
OtterTail,117,C_CRCV_B,Agricultural,,Cropland,Conventional,,,,,B,,Contributing,,,,
OtterTail,118,C_CRCV_CD,Agricultural,,Cropland,Conventional,,,,,CD,,Contributing,,,,
OtterTail,119,C_CRCV_DR,Agricultural,,Cropland,Conventional,,,,,Drained,,Contributing,,,,
OtterTail,120,C_CRCS_A,Agricultural,,Cropland,Conservation,,,,,A,,Contributing,,,,
OtterTail,121,C_CRCS_B,Agricultural,,Cropland,Conservation,,,,,B,,Contributing,,,,
OtterTail,122,C_CRCS_CD,Agricultural,,Cropland,Conservation,,,,,CD,,Contributing,,,,
OtterTail,123,C_CRCS_DR,Agricultural,,Cropland,Conservation,,,,,Drained,,Contributing,,,,
OtterTail,124,C_CRCVM_A,Agricultural,,Cropland,Conventional,Manure,,,,A,,Contributing,,,,
OtterTail,125,C_CRCVM_B,Agricultural,,Cropland,Conventional,Manure,,,,B,,Contributing,,,,
OtterTail,126,C_CRCVM_DR,Agricultural,,Cropland,Conventional,Manure,,,,Drained,,Contributing,,,,
OtterTail,151,N_WATR_D,Water,,,,,,,,D,,Non Contributing,,,,
OtterTail,152,N_WETL_D,Wetland,,,,,,,,D,,Non Contributing,,,,
OtterTail,153,N_FOR A_A,Forest,,,,,,,,A,,Non Contributing,,,,
OtterTail,154,N_FORB_B,Forest,,,,,,,,B,,Non Contributing,,,,
OtterTail,155,N_FORC_CD,Forest,,,,,,,,CD,,Non Contributing,,,,
OtterTail,156,N_GRAS_A,Grassland,,,,,,,,A,,Non Contributing,,,,
OtterTail,157,N_GRAS_B,Grassland,,,,,,,,B,,Non Contributing,,,,
OtterTail,158,N_GRAS_CD,Grassland,,,,,,,,CD,,Non Contributing,,,,
OtterTail,159,N_PAST_A,Agricultural,,Pasture,,,,,,A,,Non Contributing,,,,
OtterTail,160,N_PAST_B,Agricultural,,Pasture,,,,,,B,,Non Contributing,,,,
OtterTail,161,N_PAST_CD,Agricultural,,Pasture,,,,,,CD,,Non Contributing,,,,
OtterTail,162,N_UROP_NA,Developed,,,,,,,,,,Non Contributing,,,Open Space,
OtterTail,163,N_URLD_NA,Developed,,,,,,,,,,Non Contributing,,,Low Intensity,
OtterTail,164,N_URMH_NA,Developed,,,,,,,,,,Non Contributing,,,Medium Intensity,
OtterTail,165,N_ROAD_NA,Developed,,,,,,,,,,Non Contributing,,,Road,
OtterTail,166,N_CRCV_A,Agricultural,,Cropland,Conventional,,,,,A,,Non Contributing,,,,
OtterTail,167,N_CRCV_B,Agricultural,,Cropland,Conventional,,,,,B,,Non Contributing,,,,
OtterTail,168,N_CRCV_CD,Agricultural,,Cropland,Conventional,,,,,CD,,Non Contributing,,,,
OtterTail,169,N_CRCV_DR,Agricultural,,Cropland,Conventional,,,,,Drained,,Non Contributing,,,,
OtterTail,170,N_CRCS_A,Agricultural,,Cropland,Conservation,,,,,A,,Non Contributing,,,,
OtterTail,171,N_CRCS_B,Agricultural,,Cropland,Conservation,,,,,B,,Non Contributing,,,,
OtterTail,172,N_CRCS_CD,Agricultural,,Cropland,Conservation,,,,,CD,,Non Contributing,,,,
OtterTail,173,N_CRCS_DR,Agricultural,,Cropland,Conservation,,,,,Drained,,Non Contributing,,,,
OtterTail,174,N_CRCVM_A,Agricultural,,Cropland,Conventional,Manure,,,,A,,Non Contributing,,,,
OtterTail,175,N_CRCVM_B,Agricultural,,Cropland,Conventional,Manure,,,,B,,Non Contributing,,,,
OtterTail,176,N_CRCVM_DR,Agricultural,,Cropland,Conventional,Manure,,,,Drained,,Non Contributing,,,,
PepinTribs,101,WATR_X_X,Water,,,,,,,,,,,,,,
PepinTribs,102,FRST_X_X,Forest,,,,,,,,,,,,,,
PepinTribs,103,HERB_X_X,Shrub,,,,,,,,,,,,,,
PepinTribs,104,DEVL_X_X,Developed,,,,,,,,,,,,,,
PepinTribs,105,PAS_AB_L,Agricultural,,Pasture,,,,,,AB,Low,,,,,
PepinTribs,106,PAS_AB_H,Agricultural,,Pasture,,,,,,AB,High,,,,,
PepinTribs,107,PAS_CD_L,Agricultural,,Pasture,,,,,,CD,Low,,,,,
PepinTribs,108,PAS_CD_H,Agricultural,,Pasture,,,,,,CD,High,,,,,
PepinTribs,109,CROP_AB_L_CRN_CONV,Agricultural,,Cropland,Conventional,,Corn,,,AB,Low,,,,,
PepinTribs,110,CROP_AB_H_CRN_CONV,Agricultural,,Cropland,Conventional,,Corn,,,AB,High,,,,,
PepinTribs,111,CROP_CD_L_CRN_CONV,Agricultural,,Cropland,Conventional,,Corn,,,CD,Low,,,,,
PepinTribs,112,CROP_CD_H_CRN_CONV,Agricultural,,Cropland,Conventional,,Corn,,,CD,High,,,,,
PepinTribs,113,CROP_AB_L_SOY_CONV,Agricultural,,Cropland,Conventional,,Soy,,,AB,Low,,,,,
PepinTribs,114,CROP_AB_H_SOY_CONV,Agricultural,,Cropland,Conventional,,Soy,,,AB,High,,,,,
PepinTribs,115,CROP_CD_L_SOY_CONV,Agricultural,,Cropland,Conventional,,Soy,,,CD,Low,,,,,
PepinTribs,116,CROP_CD_H_SOY_CONV,Agricultural,,Cropland,Conventional,,Soy,,,CD,High,,,,,
PepinTribs,117,CROP_AB_L_CRN_CONS,Agricultural,,Cropland,Conservation,,Corn,,,AB,Low,,,,,
PepinTribs,118,CROP_AB_H_CRN_CONS,Agricultural,,Cropland,Conservation,,Corn,,,AB,High,,,,,
PepinTribs,119,CROP_CD_L_CRN_CONS,Agricultural,,Cropland,Conservation,,Corn,,,CD,Low,,,,,
PepinTribs,120,CROP_CD_H_CRN_CONS,Agricultural,,Cropland,Conservation,,Corn,,,CD,High,,,,,
PepinTribs,121,CROP_AB_L_SOY_CONS,Agricultural,,Cropland,Conservation,,Soy,,,AB,Low,,,,,
PepinTribs,122,CROP_AB_H_SOY_CONS,Agricultural,,Cropland,Conservation,,Soy,,,AB,High,,,,,
PepinTribs,123,CROP_CD_L_SOY_CONS,Agricultural,,Cropland,Conservation,,Soy,,,CD,Low,,,,,
PepinTribs,124,CROP_CD_H_SOY_CONS,Agricultural,,Cropland,Conservation,,Soy,,,CD,High,,,,,
PepinTribs,125,PAS_AB_L_BMP,Agricultural,,Pasture,,BMP,,,,AB,Low,,,,,
PepinTribs,126,PAS_AB_H_BMP,Agricultural,,Pasture,,BMP,,,,AB,High,,,,,
PepinTribs,127,PAS_CD_L_BMP,Agricultural,,Pasture,,BMP,,,,CD,Low,,,,,
PepinTribs,128,PAS_CD_H_BMP,Agricultural,,Pasture,,BMP,,,,CD,High,,,,,
PepinTribs,129,CROP_AB_L_CRN_CONV_BMP,Agricultural,,Cropland,Conventional,BMP,Corn,,,AB,Low,,,,,
PepinTribs,130,CROP_AB_H_CRN_CONV_BMP,Agricultural,,Cropland,Conventional,BMP,Corn,,,AB,High,,,,,
PepinTribs,131,CROP_CD_L_CRN_CONV_BMP,Agricultural,,Cropland,Conventional,BMP,Corn,,,CD,Low,,,,,
PepinTribs,132,CROP_CD_H_CRN_CONV_BMP,Agricultural,,Cropland,Conventional,BMP,Corn,,,CD,High,,,,,
PepinTribs,133,CROP_AB_L_SOY_CONV_BMP,Agricultural,,Cropland,Conventional,BMP,Soy,,,CAB,Low,,,,,
PepinTribs,134,CROP_AB_H_SOY_CONV_BMP,Agricultural,,Cropland,Conventional,BMP,Soy,,,AB,High,,,,,
PepinTribs,135,CROP_CD_L_SOY_CONV_BMP,Agricultural,,Cropland,Conventional,BMP,Soy,,,CD,Low,,,,,
PepinTribs,136,CROP_CD_H_SOY_CONV_BMP,Agricultural,,Cropland,Conventional,BMP,Soy,,,CD,High,,,,,
PepinTribs,137,CROP_AB_L_CRN_CONS_BMP,Agricultural,,Cropland,Conservation,BMP,Corn,,,AB,Low,,,,,
PepinTribs,138,CROP_AB_H_CRN_CONS_BMP,Agricultural,,Cropland,Conservation,BMP,Corn,,,AB,High,,,,,
PepinTribs,139,CROP_CD_L_CRN_CONS_BMP,Agricultural,,Cropland,Conservation,BMP,Corn,,,CD,Low,,,,,
PepinTribs,140,CROP_CD_H_CRN_CONS_BMP,Agricultural,,Cropland,Conservation,BMP,Corn,,,CD,High,,,,,
PepinTribs,141,CROP_AB_L_SOY_CONS_BMP,Agricultural,,Cropland,Conservation,BMP,Soy,,,AB,Low,,,,,
PepinTribs,142,CROP_AB_H_SOY_CONS_BMP,Agricultural,,Cropland,Conservation,BMP,Soy,,,AB,High,,,,,
PepinTribs,143,CROP_CD_L_SOY_CONS_BMP,Agricultural,,Cropland,Conservation,BMP,Soy,,,CD,Low,,,,,
PepinTribs,144,CROP_CD_H_SOY_CONS_BMP,Agricultural,,Cropland,Conservation,BMP,Soy,,,CD,High,,,,,
Pine,390,Urban,Developed,,,,,,,,,,,,,Urban,
Pine,391,Old Deciduous ForestAB Soils,Forest,,,,,,Deciduous,Old,AB,,,,,,
Pine,392,Old Deciduous ForestCD Soils,Forest,,,,,,Deciduous,Old,CD,,,,,,
Pine,393,Old Conifer ForestAB Soils),Forest,,,,,,Conifer,Old,AB,,,,,,
Pine,394,Old Conifer ForestCD Soils),Forest,,,,,,Conifer,Old,CD,,,,,,
Pine,395,Young ForestAB Soils),Forest,,,,,,,Young,AB,,,,,,
Pine,396,Young ForestCD Soils),Forest,,,,,,,Young,CD,,,,,,
Pine,397,Grassland,Grassland,,,,,,,,,,,,,,
Pine,398,Pasture/HayAB Soils),Agricultural,,Pasture,,,,,,AB,,,,,,
Pine,399,Pasture/HayCD Soils),Agricultural,,Pasture,,,,,,CD,,,,,,
Pine,400,Agriculture,Agricultural,,Pasture,,,,,,,,,,,,
Pine,401,Wetlands,Wetland,,,,,,,,,,,,,,
Pine,402,Feedlots,Feedlot,,,,,,,,,,,,,,
PommeDeTerre,101,Urban,Developed,,,,,,,,,,,,,Urban,
PommeDeTerre,201,Forest,Forest,,,,,,,,,,,,,,
PommeDeTerre,301,High Till Crop,Agricultural,,Cropland,Conventional,,,,,,,,,,,
PommeDeTerre,401,Low Till Crop,Agricultural,,Cropland,Conservation,,,,,,,,,,,
PommeDeTerre,501,Grassland,Grassland,,,,,,,,,,,,,,
PommeDeTerre,601,Pasture,Agricultural,,Pasture,,,,,,,,,,,,
PommeDeTerre,701,Wetland,Wetland,,,,,,,,,,,,,,
PommeDeTerre,801,Feedlot,Feedlot,,,,,,,,,,,,,,
RainyHeadwaters,750,Wetland,Wetland,,,,,,,,,,,,,,
RainyHeadwaters,751,Urban,Developed,,,,,,,,,,,,,Urban,
RainyHeadwaters,752,Old Deciduous Forest (AB Soils),Forest,,,,,,Deciduous,Old,AB,,,,,,
RainyHeadwaters,753,Old Deciduous Forest (CD Soils),Forest,,,,,,Deciduous,Old,CD,,,,,,
RainyHeadwaters,754,Young Forest (AB Soils),Forest,,,,,,,Young,AB,,,,,,
RainyHeadwaters,755,Young Forest (CD Soils),Forest,,,,,,,Young,CD,,,,,,
RainyHeadwaters,756,Old Evergreen Forest (AB Soils),Forest,,,,,,Evergreen,Old,AB,,,,,,
RainyHeadwaters,757,Old Evergreen Forest (CD Soils),Forest,,,,,,Evergreen,Old,CD,,,,,,
RainyHeadwaters,758,Agricultural - High Till,Agricultural,,Cropland,Conventional,,,,,,,,,,,
RainyHeadwaters,759,Agricultural - Low Till,Agricultural,,Cropland,Conservation,,,,,,,,,,,
RainyHeadwaters,760,Grasslands,Grassland,,,,,,,,,,,,,,
RainyHeadwaters,761,Feedlot,Feedlot,,,,,,,,,,,,,,
RainyLake,390,Wetland,Wetland,,,,,,,,,,,,,,
RainyLake,391,Urban,Developed,,,,,,,,,,,,,Urban,
RainyLake,392,Old Deciduous Forest (AB Soils),Forest,,,,,,Deciduous,Old,AB,,,,,,
RainyLake,393,Old Deciduous Forest (CD Soils),Forest,,,,,,Deciduous,Old,CD,,,,,,
RainyLake,394,Young Forest (AB Soils),Forest,,,,,,,Young,AB,,,,,,
RainyLake,395,Young Forest (CD Soils),Forest,,,,,,,Young,CD,,,,,,
RainyLake,396,Old Evergreen Forest (AB Soils),Forest,,,,,,Evergreen,Old,AB,,,,,,
RainyLake,397,Old Evergreen Forest (CD Soils),Forest,,,,,,Evergreen,Old,CD,,,,,,
RainyLake,398,Agricultural - High Till,Agricultural,,Cropland,Conventional,,,,,,,,,,,
RainyLake,399,Agricultural - Low Till,Agricultural,,Cropland,Conservation,,,,,,,,,,,
RainyLake,400,Grasslands,Grassland,,,,,,,,,,,,,,
RainyLake,401,Feedlot,Feedlot,,,,,,,,,,,,,,
RainyRiver,190,Wetland,Wetland,,,,,,,,,,,,,,
RainyRiver,191,Urban,Developed,,,,,,,,,,,,,Urban,
RainyRiver,192,Old Deciduous Forest (AB Soils),Forest,,,,,,Deciduous,Old,AB,,,,,,
RainyRiver,193,Old Deciduous Forest (CD Soils),Forest,,,,,,Deciduous,Old,CD,,,,,,
RainyRiver,194,Young Forest (AB Soils),Forest,,,,,,,Young,AB,,,,,,
RainyRiver,195,Young Forest (CD Soils),Forest,,,,,,,Young,CD,,,,,,
RainyRiver,196,Old Evergreen Forest (AB Soils),Forest,,,,,,Evergreen,Old,AB,,,,,,
RainyRiver,197,Old Evergreen Forest (CD Soils),Forest,,,,,,Evergreen,Old,CD,,,,,,
RainyRiver,198,Agricultural - High Till,Agricultural,,Cropland,Conventional,,,,,,,,,,,
RainyRiver,199,Agricultural - Low Till,Agricultural,,Cropland,Conservation,,,,,,,,,,,
RainyRiver,200,Grasslands,Grassland,,,,,,,,,,,,,,
RainyRiver,201,Feedlot,Feedlot,,,,,,,,,,,,,,
RedLakes,10,Feedlots,Feedlot,,,,,,,,,,,,,,
RedLakes,11,Developed,Developed,,,,,,,,,,,,,,
RedLakes,12,Coniferous Forest,Forest,,,,,,Conifer,,,,,,,,
RedLakes,13,Deciduous Forest AB,Forest,,,,,,Deciduous,,AB,,,,,,
RedLakes,14,Deciduous Forest CD,Forest,,,,,,Deciduous,,CD,,,,,,
RedLakes,15,Cropland,Agricultural,,Cropland,,,,,,,,,,,,
RedLakes,16,Grassland,Grassland,,,,,,,,,,,,,,
RedLakes,17,Pasture,Agricultural,,Pasture,,,,,,,,,,,,
RedLakes,18,Woody Wetlands AB,Wetland,Woody,,,,,,,AB,,,,,,
RedLakes,19,Woody Wetlands CD,Wetland,Woody,,,,,,,CD,,,,,,
RedLakes,20,Herbaceous Wetlands,Wetland,Herbaceous,,,,,,,,,,,,,
Redeye,101,Forest - AB,Forest,,,,,,,,AB,,,,,,
Redeye,102,Forest - CD,Forest,,,,,,,,CD,,,,,,
Redeye,103,Wetlands,Wetland,,,,,,,,,,,,,,
Redeye,104,Grassland - AB,Grassland,,,,,,,,AB,,,,,,
Redeye,105,Grassland - CD,Grassland,,,,,,,,CD,,,,,,
Redeye,106,Pasture - AB,Agricultural,,Pasture,,,,,,AB,,,,,,
Redeye,107,Pasture - CD,Agricultural,,Pasture,,,,,,CD,,,,,,
Redeye,108,Cropland-AB,Agricultural,,Cropland,,,,,,AB,,,,,,
Redeye,109,Cropland-CD,Agricultural,,Cropland,,,,,,CD,,,,,,
Redeye,110,Cropland-Drained,Agricultural,,Cropland,,,,,,Drained,,,,,,
Redeye,111,"Developed, Open Spac",Developed,,,,,,,,,,,,,Open Space,
Redeye,112,"Developed, Low Inten",Developed,,,,,,,,,,,,,Low Intensity,
Redeye,113,"Developed, Medium an",Developed,,,,,,,,,,,,,Medium Intensity,
Redwood,10,Urban,Developed,,,,,,,,,,,,,Urban,
Redwood,11,Forest,Forest,,,,,,,,,,,,,,
Redwood,12,"Cropland - ConserA,B",Agricultural,,Cropland,Conservation,,,,,AB,,,,,,
Redwood,22,"Cropland - ConserC,D",Agricultural,,Cropland,Conservation,,,,,CD,,,,,,
Redwood,13,"Cropland - ConvenA,B",Agricultural,,Cropland,Conventional,,,,,AB,,,,,,
Redwood,23,"Cropland - ConvenC,D",Agricultural,,Cropland,Conventional,,,,,CD,,,,,,
Redwood,14,"Cropland - ManureA,B",Agricultural,,Cropland,,Manure,,,,AB,,,,,,
Redwood,15,Grassland,Grassland,,,,,,,,,,,,,,
Redwood,16,Pasture,Agricultural,,Pasture,,,,,,,,,,,,
Redwood,17,Wetland,Wetland,,,,,,,,,,,,,,
Redwood,18,Feedlot,Feedlot,,,,,,,,,,,,,,
Redwood,19,Bluff,Bluff,,,,,,,,,,,,,,
Redwood,20,Ravine,Ravine,,,,,,,,,,,,,,
RenoUpperIA,101,WATR_NIL_L,Water,,,,,,,,,Low,,,,,
RenoUpperIA,201,WETL_NIL_L,Wetland,,,,,,,,,Low,,,,,
RenoUpperIA,301,BARN_NIL_L,Barren,,,,,,,,,Low,,,,,
RenoUpperIA,341,BARN_NIL_H,Barren,,,,,,,,,High,,,,,
RenoUpperIA,411,FRST_A_L,Forest,,,,,,,,A,Low,,,,,
RenoUpperIA,421,FRST_B_L,Forest,,,,,,,,B,Low,,,,,
RenoUpperIA,431,FRST_C_L,Forest,,,,,,,,C,Low,,,,,
RenoUpperIA,441,FRST_D_L,Forest,,,,,,,,D,Low,,,,,
RenoUpperIA,451,FRST_A_H,Forest,,,,,,,,A,High,,,,,
RenoUpperIA,461,FRST_B_H,Forest,,,,,,,,B,High,,,,,
RenoUpperIA,471,FRST_C_H,Forest,,,,,,,,C,High,,,,,
RenoUpperIA,481,FRST_D_H,Forest,,,,,,,,D,High,,,,,
RenoUpperIA,511,DEVP_A_L,Developed,,,,,,,,A,Low,,,,,
RenoUpperIA,521,DEVP_B_L,Developed,,,,,,,,B,Low,,,,,
RenoUpperIA,531,DEVP_C_L,Developed,,,,,,,,C,Low,,,,,
RenoUpperIA,541,DEVP_D_L,Developed,,,,,,,,D,Low,,,,,
RenoUpperIA,551,DEVP_A_H,Developed,,,,,,,,A,High,,,,,
RenoUpperIA,561,DEVP_B_H,Developed,,,,,,,,B,High,,,,,
RenoUpperIA,571,DEVP_C_H,Developed,,,,,,,,C,High,,,,,
RenoUpperIA,581,DEVP_D_H,Developed,,,,,,,,D,High,,,,,
RenoUpperIA,611,PAST_A_L,Agricultural,,Pasture,,,,,,A,Low,,,,,
RenoUpperIA,621,PAST_B_L,Agricultural,,Pasture,,,,,,B,Low,,,,,
RenoUpperIA,631,PAST_C_L,Agricultural,,Pasture,,,,,,C,Low,,,,,
RenoUpperIA,641,PAST_D_L,Agricultural,,Pasture,,,,,,D,Low,,,,,
RenoUpperIA,651,PAST_A_H,Agricultural,,Pasture,,,,,,A,High,,,,,
RenoUpperIA,661,PAST_B_H,Agricultural,,Pasture,,,,,,B,High,,,,,
RenoUpperIA,671,PAST_C_H,Agricultural,,Pasture,,,,,,C,High,,,,,
RenoUpperIA,681,PAST_D_H,Agricultural,,Pasture,,,,,,D,High,,,,,
RenoUpperIA,711,CONV_A_L,Agricultural,,Cropland,Conventional,,,,,A,Low,,,,,
RenoUpperIA,721,CONV_B_L,Agricultural,,Cropland,Conventional,,,,,B,Low,,,,,
RenoUpperIA,731,CONV_C_L,Agricultural,,Cropland,Conventional,,,,,C,Low,,,,,
RenoUpperIA,741,CONV_D_L,Agricultural,,Cropland,Conventional,,,,,D,Low,,,,,
RenoUpperIA,751,CONV_A_H,Agricultural,,Cropland,Conventional,,,,,A,High,,,,,
RenoUpperIA,761,CONV_B_H,Agricultural,,Cropland,Conventional,,,,,B,High,,,,,
RenoUpperIA,771,CONV_C_H,Agricultural,,Cropland,Conventional,,,,,C,High,,,,,
RenoUpperIA,781,CONV_D_H,Agricultural,,Cropland,Conventional,,,,,D,High,,,,,
RenoUpperIA,811,CONS_A_L,Agricultural,,Cropland,Conservation,,,,,A,Low,,,,,
RenoUpperIA,821,CONS_B_L,Agricultural,,Cropland,Conservation,,,,,B,Low,,,,,
RenoUpperIA,831,CONS_C_L,Agricultural,,Cropland,Conservation,,,,,C,Low,,,,,
RenoUpperIA,841,CONS_D_L,Agricultural,,Cropland,Conservation,,,,,D,Low,,,,,
RenoUpperIA,851,CONS_A_H,Agricultural,,Cropland,Conservation,,,,,A,High,,,,,
RenoUpperIA,861,CONS_B_H,Agricultural,,Cropland,Conservation,,,,,B,High,,,,,
RenoUpperIA,871,CONS_C_H,Agricultural,,Cropland,Conservation,,,,,C,High,,,,,
RenoUpperIA,881,CONS_D_H,Agricultural,,Cropland,Conservation,,,,,D,High,,,,,
RenoUpperIA,911,MANR_A_L,Agricultural,,Cropland,,Manure,,,,A,Low,,,,,
RenoUpperIA,921,MANR_B_L,Agricultural,,Cropland,,Manure,,,,B,Low,,,,,
RenoUpperIA,931,MANR_C_L,Agricultural,,Cropland,,Manure,,,,C,Low,,,,,
RenoUpperIA,941,MANR_D_L,Agricultural,,Cropland,,Manure,,,,D,Low,,,,,
RenoUpperIA,951,MANR_A_H,Agricultural,,Cropland,,Manure,,,,A,High,,,,,
RenoUpperIA,961,MANR_B_H,Agricultural,,Cropland,,Manure,,,,B,High,,,,,
RenoUpperIA,971,MANR_C_H,Agricultural,,Cropland,,Manure,,,,C,High,,,,,
RenoUpperIA,981,MANR_D_H,Agricultural,,Cropland,,Manure,,,,D,High,,,,,
Rock,191,Urban,Developed,,,,,,,,,,,,,Urban,
Rock,192,Forest,Forest,,,,,,,,,,,,,,
Rock,193,Agriculture-LowTill,Agricultural,,Cropland,Conservation,,,,,,,,,,,
Rock,194,Agriculture-HighTill,Agricultural,,Cropland,Conventional,,,,,,,,,,,
Rock,195,Grasslands,Grassland,,,,,,,,,,,,,,
Rock,196,Pasture,Agricultural,,Pasture,,,,,,,,,,,,
Rock,197,Wetlands,Wetland,,,,,,,,,,,,,,
Rock,198,Feedlots,Feedlot,,,,,,,,,,,,,,
Root,101,WATR_NIL_L,Water,,,,,,,,,Low,,,,,
Root,201,WETL_NIL_L,Wetland,,,,,,,,,Low,,,,,
Root,301,BARN_NIL_L,Barren,,,,,,,,,Low,,,,,
Root,341,BARN_NIL_H,Barren,,,,,,,,,High,,,,,
Root,411,FRST_A_L,Forest,,,,,,,,A,Low,,,,,
Root,421,FRST_B_L,Forest,,,,,,,,B,Low,,,,,
Root,431,FRST_C_L,Forest,,,,,,,,C,Low,,,,,
Root,441,FRST_D_L,Forest,,,,,,,,D,Low,,,,,
Root,451,FRST_A_H,Forest,,,,,,,,A,High,,,,,
Root,461,FRST_B_H,Forest,,,,,,,,B,High,,,,,
Root,471,FRST_C_H,Forest,,,,,,,,C,High,,,,,
Root,481,FRST_D_H,Forest,,,,,,,,D,High,,,,,
Root,511,DEVP_A_L,Developed,,,,,,,,A,Low,,,,,
Root,521,DEVP_B_L,Developed,,,,,,,,B,Low,,,,,
Root,531,DEVP_C_L,Developed,,,,,,,,C,Low,,,,,
Root,541,DEVP_D_L,Developed,,,,,,,,D,Low,,,,,
Root,551,DEVP_A_H,Developed,,,,,,,,A,High,,,,,
Root,561,DEVP_B_H,Developed,,,,,,,,B,High,,,,,
Root,571,DEVP_C_H,Developed,,,,,,,,C,High,,,,,
Root,581,DEVP_D_H,Developed,,,,,,,,D,High,,,,,
Root,611,PAST_A_L,Agricultural,,Pasture,,,,,,A,Low,,,,,
Root,621,PAST_B_L,Agricultural,,Pasture,,,,,,B,Low,,,,,
Root,631,PAST_C_L,Agricultural,,Pasture,,,,,,C,Low,,,,,
Root,641,PAST_D_L,Agricultural,,Pasture,,,,,,D,Low,,,,,
Root,651,PAST_A_H,Agricultural,,Pasture,,,,,,A,High,,,,,
Root,661,PAST_B_H,Agricultural,,Pasture,,,,,,B,High,,,,,
Root,671,PAST_C_H,Agricultural,,Pasture,,,,,,C,High,,,,,
Root,681,PAST_D_H,Agricultural,,Pasture,,,,,,D,High,,,,,
Root,711,CONV_A_L,Agricultural,,Cropland,Conventional,,,,,A,Low,,,,,
Root,721,CONV_B_L,Agricultural,,Cropland,Conventional,,,,,B,Low,,,,,
Root,731,CONV_C_L,Agricultural,,Cropland,Conventional,,,,,C,Low,,,,,
Root,741,CONV_D_L,Agricultural,,Cropland,Conventional,,,,,D,Low,,,,,
Root,751,CONV_A_H,Agricultural,,Cropland,Conventional,,,,,A,High,,,,,
Root,761,CONV_B_H,Agricultural,,Cropland,Conventional,,,,,B,High,,,,,
Root,771,CONV_C_H,Agricultural,,Cropland,Conventional,,,,,C,High,,,,,
Root,781,CONV_D_H,Agricultural,,Cropland,Conventional,,,,,D,High,,,,,
Root,811,CONS_A_L,Agricultural,,Cropland,Conservation,,,,,A,Low,,,,,
Root,821,CONS_B_L,Agricultural,,Cropland,Conservation,,,,,B,Low,,,,,
Root,831,CONS_C_L,Agricultural,,Cropland,Conservation,,,,,C,Low,,,,,
Root,841,CONS_D_L,Agricultural,,Cropland,Conservation,,,,,D,Low,,,,,
Root,851,CONS_A_H,Agricultural,,Cropland,Conservation,,,,,A,High,,,,,
Root,861,CONS_B_H,Agricultural,,Cropland,Conservation,,,,,B,High,,,,,
Root,871,CONS_C_H,Agricultural,,Cropland,Conservation,,,,,C,High,,,,,
Root,881,CONS_D_H,Agricultural,,Cropland,Conservation,,,,,D,High,,,,,
Root,911,MANR_A_L,Agricultural,,Cropland,,Manure,,,,A,Low,,,,,
Root,921,MANR_B_L,Agricultural,,Cropland,,Manure,,,,B,Low,,,,,
Root,931,MANR_C_L,Agricultural,,Cropland,,Manure,,,,C,Low,,,,,
Root,941,MANR_D_L,Agricultural,,Cropland,,Manure,,,,D,Low,,,,,
Root,951,MANR_A_H,Agricultural,,Cropland,,Manure,,,,A,High,,,,,
Root,961,MANR_B_H,Agricultural,,Cropland,,Manure,,,,B,High,,,,,
Root,971,MANR_C_H,Agricultural,,Cropland,,Manure,,,,C,High,,,,,
Root,981,MANR_D_H,Agricultural,,Cropland,,Manure,,,,D,High,,,,,
Roseau,11,Developed,Developed,,,,,,,,,,,,,,
Roseau,12,Deciduous Forest,Forest,,,,,,Deciduous,,,,,,,,
Roseau,13,Evergreen Forest,Forest,,,,,,Evergreen,,,,,,,,
Roseau,14,Cropland - Conventional Till,Agricultural,,Cropland,Conventional,,,,,,,,,,,
Roseau,15,Cropland - Conservation Till,Agricultural,,Cropland,Conservation,,,,,,,,,,,
Roseau,16,Pasture,Agricultural,,Pasture,,,,,,,,,,,,
Roseau,17,Grassland,Grassland,,,,,,,,,,,,,,
Roseau,18,Woody Wetland,Wetland,Woody,,,,,,,,,,,,,
Roseau,19,Emergent Herbaceous Wetland,Wetland,Herbaceous,,,,,,,,,,,,,
Roseau,90,Feedlot,Feedlot,,,,,,,,,,,,,,
Rum,330,Urban,Developed,,,,,,,,,,,,,Urban,
Rum,331,Old Decid Forest AB,Forest,,,,,,Deciduous,Old,AB,,,,,,
Rum,332,Old Decid Forest CD,Forest,,,,,,Deciduous,Old,CD,,,,,,
Rum,333,Old Conif Forest AB,Forest,,,,,,Conifer,Old,AB,,,,,,
Rum,334,Old Conif Forest CD,Forest,,,,,,Conifer,Old,CD,,,,,,
Rum,335,Young Forest AB,Forest,,,,,,,Young,AB,,,,,,
Rum,336,Young Forest CD,Forest,,,,,,,Young,CD,,,,,,
Rum,337,Grassland,Grassland,,,,,,,,,,,,,,
Rum,338,Pasture/Hay AB,Agricultural,,Pasture,Hay,,,,,AB,,,,,,
Rum,339,Pasture/Hay CD,Agricultural,,Pasture,Hay,,,,,CD,,,,,,
Rum,340,Agriculture,Agricultural,,Cropland,,,,,,,,,,,,
Rum,341,Wetlands,Wetland,,,,,,,,,,,,,,
Rum,382,Feedlots,Feedlot,,,,,,,,,,,,,,
SFCrow,370,Urban,Developed,,,,,,,,,,,,,Urban,
SFCrow,371,Forest AB,Forest,,,,,,,,AB,,,,,,
SFCrow,372,Forest CD,Forest,,,,,,,,CD,,,,,,
SFCrow,373,Low Till Crop,Agricultural,,Cropland,Conservation,,,,,,,,,,,
SFCrow,374,High Till Crop,Agricultural,,Cropland,Conventional,,,,,,,,,,,
SFCrow,375,High Till Crop Res,Placeholder,,Cropland,Conventional,,,,,,,,,,,
SFCrow,376,Rangeland AB,Rangeland,,,,,,,,AB,,,,,,
SFCrow,377,Rangeland CD,Rangeland,,,,,,,,CD,,,,,,
SFCrow,378,Pasture AB,Agricultural,,Pasture,,,,,,AB,,,,,,
SFCrow,379,Pasture CD,Agricultural,,Pasture,,,,,,CD,,,,,,
SFCrow,380,Wetland,Wetland,,,,,,,,,,,,,,
SFCrow,381,Feedlot,Feedlot,,,,,,,,,,,,,,
Sandhill,11,Developed,Developed,,,,,,,,,,,,,,
Sandhill,12,Forest,Forest,,,,,,,,,,,,,,
Sandhill,13,Cropland High,Agricultural,,Cropland,Conventional,,,,,,,,,,,
Sandhill,14,Cropland Low,Agricultural,,Cropland,Conservation,,,,,,,,,,,
Sandhill,15,Grassland,Grassland,,,,,,,,,,,,,,
Sandhill,17,Wetland,Wetland,,,,,,,,,,,,,,
Sandhill,18,Feedlot,Feedlot,,,,,,,,,,,,,,
Sandhill,26,Pasture,Agricultural,,Pasture,,,,,,,,,,,,
Sauk,10,Urban,Developed,,,,,,,,,,,,,Urban,
Sauk,11,Forest AB,Forest,,,,,,,,AB,,,,,,
Sauk,12,FOREST CD,Forest,,,,,,,,CD,,,,,,
Sauk,13,Low Till Crop,Agricultural,,Cropland,Conservation,,,,,,,,,,,
Sauk,14,High Till Crop,Agricultural,,Cropland,Conventional,,,,,,,,,,,
Sauk,16,Rangeland AB,Rangeland,,,,,,,,AB,,,,,,
Sauk,17,Rangeland CD,Rangeland,,,,,,,,CD,,,,,,
Sauk,18,Pasture AB,Agricultural,,Pasture,,,,,,AB,,,,,,
Sauk,19,Pasture CD,Agricultural,,Pasture,,,,,,CD,,,,,,
Sauk,20,Wetland,Wetland,,,,,,,,,,,,,,
Sauk,21,Feedlot,Feedlot,,,,,,,,,,,,,,
ShellRock,310,Feedlots,Feedlot,,,,,,,,,,,,,,
ShellRock,311,Developed,Developed,,,,,,,,,,,,,,
ShellRock,312,Low Till Cropland AB,Agricultural,,Cropland,Conservation,,,,,AB,,,,,,
ShellRock,313,High Till Cropland AB,Agricultural,,Cropland,Conventional,,,,,AB,,,,,,
ShellRock,314,Low Till Cropland CD,Agricultural,,Cropland,Conservation,,,,,CD,,,,,,
ShellRock,315,High Till Cropland CD,Agricultural,,Cropland,Conventional,,,,,CD,,,,,,
ShellRock,316,Forest,Forest,,,,,,,,,,,,,,
ShellRock,317,Grassland,Grassland,,,,,,,,,,,,,,
ShellRock,318,Pasture,Agricultural,,Pasture,,,,,,,,,,,,
ShellRock,319,Wetlands,Wetland,,,,,,,,,,,,,,
SnakeNW,330,Feedlot,Feedlot,,,,,,,,,,,,,,
SnakeNW,331,Developed,Developed,,,,,,,,,,,,,,
SnakeNW,332,Cropland LowTill AB,Agricultural,,Cropland,Conservation,,,,,AB,,,,,,
SnakeNW,333,Cropland HighTill AB,Agricultural,,Cropland,Conventional,,,,,AB,,,,,,
SnakeNW,334,Cropland LowTill CD,Agricultural,,Cropland,Conservation,,,,,CD,,,,,,
SnakeNW,335,Cropland HighTill CD,Agricultural,,Cropland,Conventional,,,,,CD,,,,,,
SnakeNW,336,Forest,Forest,,,,,,,,,,,,,,
SnakeNW,337,Grassland,Grassland,,,,,,,,,,,,,,
SnakeNW,338,Pasture,Agricultural,,Pasture,,,,,,,,,,,,
SnakeNW,339,Wetland,Wetland,,,,,,,,,,,,,,
SnakeSE,51,Forest - AB,Forest,,,,,,,,AB,,,,,,
SnakeSE,52,Forest - CD,Forest,,,,,,,,CD,,,,,,
SnakeSE,53,Emerg Herb Wetland,Wetland,Herbaceous,,,,,,,,,,,,,
SnakeSE,54,Woody Wetlands,Wetland,Woody,,,,,,,,,,,,,
SnakeSE,55,Grassland - AB,Grassland,,,,,,,,AB,,,,,,
SnakeSE,56,Grassland - CD,Grassland,,,,,,,,CD,,,,,,
SnakeSE,57,Pasture - AB,Agricultural,,Pasture,,,,,,AB,,,,,,
SnakeSE,58,Pasture - CD,Agricultural,,Pasture,,,,,,CD,,,,,,
SnakeSE,59,Cropland - AB,Agricultural,,Cropland,,,,,,AB,,,,,,
SnakeSE,60,Cropland - CD,Agricultural,,Cropland,,,,,,CD,,,,,,
SnakeSE,61,Cropland-Drained,Agricultural,,Cropland,,,,,,Drained,,,,,,
SnakeSE,62,"Dev, Open Space",Developed,,,,,,,,,,,,,Open Space,
SnakeSE,63,"Dev, Low Intensity",Developed,,,,,,,,,,,,,Low Intensity,
SnakeSE,64,"Dev, Medium Intensit",Developed,,,,,,,,,,,,,Medium Intensity,
StLouisCloquet,102,BRRN_AB,Barren,,,,,,,,AB,,,,,,
StLouisCloquet,115,BRRN_CD,Barren,,,,,,,,CD,,,,,,
StLouisCloquet,130,FRSD_AB,Forest,,,,,,Deciduous,,AB,,,,,,
StLouisCloquet,144,FRSD_CD,Forest,,,,,,Deciduous,,CD,,,,,,
StLouisCloquet,159,DEV_AB,Developed,,,,,,,,AB,,,,,,
StLouisCloquet,173,DEV_CD,Developed,,,,,,,,CD,,,,,,
StLouisCloquet,188,FRSE_AB,Forest,,,,,,Conifer,,AB,,,,,,
StLouisCloquet,202,FRSE_CD,Forest,,,,,,Conifer,,CD,,,,,,
StLouisCloquet,217,SHRB_AB,Shrub,,,,,,,,AB,,,,,,
StLouisCloquet,231,SHRB_CD,Shrub,,,,,,,,CD,,,,,,
StLouisCloquet,246,FRSED_AB,Forest,,,,,,Mixed,,AB,,,,,,
StLouisCloquet,260,FRSED_CD,Forest,,,,,,Mixed,,CD,,,,,,
StLouisCloquet,275,WATR_AB,Water,,,,,,,,AB,,,,,,
StLouisCloquet,289,WATR_CD,Water,,,,,,,,CD,,,,,,
StLouisCloquet,304,PAST_AB,Agricultural,,Pasture,,,,,,AB,,,,,,
StLouisCloquet,318,PAST_CD,Agricultural,,Pasture,,,,,,CD,,,,,,
StLouisCloquet,333,PEATB_A,Peatland,,,,,,,,A,,,,,,
StLouisCloquet,334,PEATB_AB,Peatland,,,,,,,,AB,,,,,,
StLouisCloquet,347,PEATB_CD,Peatland,,,,,,,,CD,,,,,,
StLouisCloquet,362,ROAD_AB,Developed,,,,,,,,AB,,,,,Road,
StLouisCloquet,376,ROAD_CD,Developed,,,,,,,,CD,,,,,Road,
StLouisCloquet,391,CROP_AB,Agricultural,,Cropland,,,,,,AB,,,,,,
StLouisCloquet,405,CROP_CD,Agricultural,,Cropland,,,,,,CD,,,,,,
StLouisCloquet,420,WETH_AB,Wetland,Herbaceous,,,,,,,AB,,,,,,
StLouisCloquet,434,WETH_CD,Wetland,Herbaceous,,,,,,,CD,,,,,,
StLouisCloquet,449,WETF_AB,Wetland,Woody,,,,,,,AB,,,,,,
StLouisCloquet,463,WETF_CD,Wetland,Woody,,,,,,,CD,,,,,,
SuperiorNorth,451,WATR_N/A,Water,,,,,,,,,,,,,,
SuperiorNorth,452,UROP_N/A,Developed,,,,,,,,,,,,,Open Space,
SuperiorNorth,453,URLD_N/A,Developed,,,,,,,,,,,,,Low Intensity,
SuperiorNorth,454,URMH_N/A,Developed,,,,,,,,,,,,,Medium Intensity,
SuperiorNorth,455,BRRN_CD_,Barren,,,,,,,,CD,,,,,,
SuperiorNorth,456,WETW_CD_,Wetland,Woody,,,,,,,CD,,,,,,
SuperiorNorth,457,WETH_CD_,Wetland,Herbaceous,,,,,,,CD,,,,,,
SuperiorNorth,458,FDAB_AB_,Forest,,,,,,Deciduous,,AB,,,,,,
SuperiorNorth,459,FDCD_CD_,Forest,,,,,,Deciduous,,CD,,,,,,
SuperiorNorth,460,FCAB_AB_,Forest,,,,,,Conifer,,AB,,,,,,
SuperiorNorth,461,FCCD_CD_,Forest,,,,,,Conifer,,CD,,,,,,
SuperiorNorth,462,HBAB_AB_,Grassland,,,,,,,,AB,,,,,,
SuperiorNorth,463,HBCD_CD_,Grassland,,,,,,,,CD,,,,,,
SuperiorNorth,464,CPAB_AB_,Agricultural,,Cropland,,,,,,AB,,,,,,
SuperiorNorth,465,CPCD_CD_,Agricultural,,Cropland,,,,,,CD,,,,,,
SuperiorNorth,466,RODP_N/A,Developed,,,,,,,,,,,,,Paved Road,
SuperiorNorth,467,RODU_N/A,Developed,,,,,,,,,,,,,Unpaved Road,
SuperiorSouth,101,WATR_N/A,Water,,,,,,,,,,,,,,
SuperiorSouth,102,UROP_N/A,Developed,,,,,,,,,,,,,Open Space,
SuperiorSouth,103,URLD_N/A,Developed,,,,,,,,,,,,,Low Intensity,
SuperiorSouth,104,URMH_N/A,Developed,,,,,,,,,,,,,Medium Intensity,
SuperiorSouth,105,BRRN_CD_,Barren,,,,,,,,CD,,,,,,
SuperiorSouth,106,WETW_CD_,Wetland,Woody,,,,,,,CD,,,,,,
SuperiorSouth,107,WETH_CD_,Wetland,Herbaceous,,,,,,,CD,,,,,,
SuperiorSouth,108,FDAB_AB_,Forest,,,,,,Deciduous,,AB,,,,,,
SuperiorSouth,109,FDCD_CD_,Forest,,,,,,Conifer,,CD,,,,,,
SuperiorSouth,110,FCAB_AB_,Forest,,,,,,Conifer,,AB,,,,,,
SuperiorSouth,111,FCCD_CD_,Forest,,,,,,Deciduous,,CD,,,,,,
SuperiorSouth,112,HBAB_AB_,Grassland,,,,,,,,AB,,,,,,
SuperiorSouth,113,HBCD_CD_,Grassland,,,,,,,,CD,,,,,,
SuperiorSouth,114,CPAB_AB_,Agricultural,,,,,,,,AB,,,,,,
SuperiorSouth,115,CPCD_CD_,Agricultural,,,,,,,,CD,,,,,,
SuperiorSouth,116,RODP_N/A,Developed,,,,,,,,,,,,,Paved Road,
SuperiorSouth,117,RODU_N/A,Developed,,,,,,,,,,,,,Unpaved Road,
Thief,10,Feedlots,Feedlot,,,,,,,,,,,,,,
Thief,11,Developed,Developed,,,,,,,,,,,,,,
Thief,13,Forest CD,Forest,,,,,,,,CD,,,,,,
Thief,14,Cropland Low,Agricultural,,Cropland,Conservation,,,,,,,,,,,
Thief,15,Cropland High,Agricultural,,Cropland,Conventional,,,,,,,,,,,
Thief,18,Grassland,Grassland,,,,,,,,,,,,,,
Thief,19,Woody Wetlands,Wetland,Woody,,,,,,,,,,,,,
Thief,20,Herbaceous Wetlands,Wetland,Herbaceous,,,,,,,,,,,,,
Thief,32,Forest AB,Forest,,,,,,,,AB,,,,,,
Thief,36,Pasture AB,Agricultural,,Pasture,,,,,,AB,,,,,,
Thief,37,Pasture CD,Agricultural,,Pasture,,,,,,CD,,,,,,
TwoRivers,10,Urban,Developed,,,,,,,,,,,,,Urban,
TwoRivers,11,Forest (AB Soils),Forest,,,,,,,,AB,,,,,,
TwoRivers,12,Forest (CD Soils),Forest,,,,,,,,CD,,,,,,
TwoRivers,13,Agriculture (Low Till),Agricultural,,Cropland,Conservation,,,,,,,,,,,
TwoRivers,14,Agriculture (High Till),Agricultural,,Cropland,Conventional,,,,,,,,,,,
TwoRivers,15,Grasslands,Grassland,,,,,,,,,,,,,,
TwoRivers,16,Pasture,Agricultural,,Pasture,,,,,,,,,,,,
TwoRivers,17,Wetlands,Wetland,,,,,,,,,,,,,,
TwoRivers,18,Feedlots,Feedlot,,,,,,,,,,,,,,
UpperRed,101,WETL_D_WST,Wetland,,,,,,,,D,,,,,,
UpperRed,102,FRST_C_WST,Forest,,,,,,,,C,,,,,,
UpperRed,103,PAST_B_WST,Agricultural,,Pasture,,,,,,B,,,,,,
UpperRed,104,GRAS_B_WST,Grassland,,,,,,,,B,,,,,,
UpperRed,105,CAFO_WST,Feedlot,,,,,,,,,,,,,,CAFO
UpperRed,106,UROP_WST,Developed,,,,,,,,,,,,,Open Space,
UpperRed,107,URLD_WST,Developed,,,,,,,,,,,,,Low Intensity,
UpperRed,108,URMH_WST,Developed,,,,,,,,,,,,,Medium Intensity,
UpperRed,109,ROAD_WST,Developed,,,,,,,,,,,,,Road,
UpperRed,110,CROP_AB_CONV_WST,Agricultural,,Cropland,Conventional,,,,,AB,,,,,,
UpperRed,111,CROP_AB_CONS_WST,Agricultural,,Cropland,Conservation,,,,,AB,,,,,,
UpperRed,112,CROP_C_CONV_WST,Agricultural,,Cropland,Conventional,,,,,C,,,,,,
UpperRed,113,CROP_C_CONS_WST,Agricultural,,Cropland,Conservation,,,,,C,,,,,,
UpperRed,114,CROP_D_CONV_WST,Agricultural,,Cropland,Conventional,,,,,D,,,,,,
UpperRed,115,CROP_D_CONS_WST,Agricultural,,Cropland,Conservation,,,,,D,,,,,,
Vermilion,610,Wetland,Wetland,,,,,,,,,,,,,,
Vermilion,611,Urban,Developed,,,,,,,,,,,,,Urban,
Vermilion,612,Old Deciduous Forest (AB Soils),Forest,,,,,,Deciduous,Old,AB,,,,,,
Vermilion,613,Old Deciduous Forest (CD Soils),Forest,,,,,,Deciduous,Old,CD,,,,,,
Vermilion,614,Young Forest (AB Soils),Forest,,,,,,,Young,AB,,,,,,
Vermilion,615,Young Forest (CD Soils),Forest,,,,,,,Young,CD,,,,,,
Vermilion,616,Old Evergreen Forest (AB Soils),Forest,,,,,,Evergreen,Old,AB,,,,,,
Vermilion,617,Old Evergreen Forest (CD Soils),Forest,,,,,,Evergreen,Old,CD,,,,,,
Vermilion,618,Agricultural - High Till,Agricultural,,Cropland,Conventional,,,,,,,,,,,
Vermilion,619,Agricultural - Low Till,Agricultural,,Cropland,Conservation,,,,,,,,,,,
Vermilion,620,Grasslands,Grassland,,,,,,,,,,,,,,
Vermilion,621,Feedlot,Feedlot,,,,,,,,,,,,,,
Watonwan,10,Urban,Developed,,,,,,,,,,,,,Urban,
Watonwan,11,Forest,Forest,,,,,,,,,,,,,,
Watonwan,12,"Conservation Till (HSG A,B)",Agricultural,,Cropland,Conservation,,,,,AB,,,,,,
Watonwan,13,"Conventional Till (HSG A,B)",Agricultural,,Cropland,Conventional,,,,,AB,,,,,,
Watonwan,14,"Manure Application (conv A,B)",Agricultural,,Cropland,,Manure,,,,AB,,,,,,
Watonwan,15,Grassland,Grassland,,,,,,,,,,,,,,
Watonwan,16,Pasture,Agricultural,,Pasture,,,,,,,,,,,,
Watonwan,17,Wetland,Wetland,,,,,,,,,,,,,,
Watonwan,18,Feedlot,Feedlot,,,,,,,,,,,,,,
Watonwan,19,Bluff,Bluff,,,,,,,,,,,,,,
Watonwan,20,Ravine,Ravine,,,,,,,,,,,,,,
Watonwan,22,"Conservation Till (HSG C,D)",Agricultural,,Cropland,Conservation,,,,,CD,,,,,,
Watonwan,23,"Conventional Till (HSG C,D)",Agricultural,,Cropland,Conventional,,,,,CD,,,,,,
WildRiceMarsh,111,Urban,Developed,,,,,,,,,,,,,Urban,
WildRiceMarsh,112,"Forest, Low RO",Forest,,,,,,,,,Low,,,,,
WildRiceMarsh,113,"Forest, High RO",Forest,,,,,,,,,High,,,,,
WildRiceMarsh,114,"Cropland, High Till",Agricultural,,Cropland,Conventional,,,,,,,,,,,
WildRiceMarsh,115,"Cropland, Low Till",Agricultural,,Cropland,Conservation,,,,,,,,,,,
WildRiceMarsh,116,"Pasture, Low RO",Agricultural,,Pasture,,,,,,,Low,,,,,
WildRiceMarsh,117,"Pasture, High RO",Agricultural,,Pasture,,,,,,,High,,,,,
WildRiceMarsh,118,"Grassland, Low RO",Grassland,,,,,,,,,Low,,,,,
WildRiceMarsh,119,"Grassland, High RO",Grassland,,,,,,,,,High,,,,,
WildRiceMarsh,120,Wetlands,Wetland,,,,,,,,,,,,,,
Winnebago,270,Feedlots,Feedlot,,,,,,,,,,,,,,
Winnebago,271,Developed,Developed,,,,,,,,,,,,,,
Winnebago,272,Low Till Cropland AB,Agricultural,,Cropland,Conservation,,,,,AB,,,,,,
Winnebago,273,High Till Cropland AB,Agricultural,,Cropland,Conventional,,,,,AB,,,,,,
Winnebago,274,Low Till Cropland CD,Agricultural,,Cropland,Conservation,,,,,CD,,,,,,
Winnebago,275,High Till Cropland CD,Agricultural,,Cropland,Conventional,,,,,CD,,,,,,
Winnebago,276,Forest,Forest,,,,,,,,,,,,,,
Winnebago,277,Grassland,Grassland,,,,,,,,,,,,,,
Winnebago,278,Pasture,Agricultural,,Pasture,,,,,,,,,,,,
Winnebago,279,Wetlands,Wetland,,,,,,,,,,,,,,
Zumbro,1,Forest - AB,Forest,,,,,,,,AB,,,,,,
Zumbro,16,Forest - CD,Forest,,,,,,,,CD,,,,,,
Zumbro,31,Water/Wetlands,Wetland,,,,,,,,,,,,,,
Zumbro,46,Grassland - AB,Grassland,,,,,,,,AB,,,,,,
Zumbro,61,Grassland - CD,Grassland,,,,,,,,CD,,,,,,
Zumbro,76,Pasture - AB,Agricultural,,Pasture,,,,,,AB,,,,,,
Zumbro,91,Pasture - CD,Agricultural,,Pasture,,,,,,CD,,,,,,
Zumbro,106,Cropland - AB,Agricultural,,Cropland,,,,,,AB,,,,,,
Zumbro,121,Cropland - CD,Agricultural,,Cropland,,,,,,CD,,,,,,
Zumbro,136,Cropland - Drained,Agricultural,,Cropland,,,,,,Drained,,,,,,
Zumbro,151,"Developed,OpenSpace",Developed,,,,,,,,,,,,,Open Space,
Zumbro,166,"Developed,Low",Developed,,,,,,,,,,,,,Low Intensity,
Zumbro,181,"Developed,Med-High",Developed,,,,,,,,,,,,,Medium Intensity,
Zumbro,196,Feedlots,Feedlot,,,,,,,,,,,,,,
Nemadji,,FRSD_AB,Forest,,,,,,Deciduous,,AB,,,,,,
Nemadji,,FRSD_CD,Forest,,,,,,Deciduous,,CD,,,,,,
Nemadji,,FRSE_AB,Forest,,,,,,Evergreen,,AB,,,,,,
Nemadji,,FRSE_CD,Forest,,,,,,Evergreen,,CD,,,,,,
Nemadji,,WETF_CD,Wetland,Woody,,,,,,,CD,,,,,,
Nemadji,,WETH_CD,Wetland,Herbaceous,,,,,,,CD,,,,,,
Nemadji,,SHRB_AB,Shrub,,,,,,,,AB,,,,,,
Nemadji,,SHRB_CD,Shrub,,,,,,,,CD,,,,,,
Nemadji,,PAST_AB,Agricultural,,Pasture,,,,,,AB,,,,,,
Nemadji,,PAST_CD,Agricultural,,Pasture,,,,,,CD,,,,,,
Nemadji,,CROP_AB,Agricultural,,Cropland,,,,,,AB,,,,,,
Nemadji,,CROP_CD,Agricultural,,Cropland,,,,,,CD,,,,,,
Nemadji,,CROP_Drained,Agricultural,,Cropland,,,,,,Drained,,,,,,
Nemadji,,UROP,Developed,,,,,,,,,,,,,Open Space,
Nemadji,,URMD,Developed,,,,,,,,,,,,,Medium Intensity,
Nemadji,,WATR_CD,Water,,,,,,,,CD,,,,,,
Nemadji,,BRRN_CD,Barren,,,,,,,,CD,,,,,,
Nemadji,,URHD,Developed,,,,,,,,,,,,,High Intensity,
Nemadji,,FRSD_D,Forest,,,,,,Deciduous,,D,,,,,,
Nemadji,,FRSE_D,Forest,,,,,,Evergreen,,D,,,,,,
Nemadji,,WETH_D,Wetland,Herbaceous,,,,,,,D,,,,,,
Nemadji,,SHRB_D,Shrub,,,,,,,,D,,,,,,
Nemadji,,PAST_D,Agricultural,,Pasture,,,,,,D,,,,,,
LOWCan,,Wetland,Wetland,,,,,,,,,,,,,,
LOWCan,,Urban,Urban,,,,,,,,,,,,,,
LOWCan,,Old Deciduous Forest (AB Soils),Forest,,,,,,Deciduous,Old,AB,,,,,,
LOWCan,,Old Deciduous Forest (CD Soils),Forest,,,,,,Deciduous,Old,CD,,,,,,
LOWCan,,Young Forest (AB Soils),Forest,,,,,,,Young,,,,,,,
LOWCan,,Young Forest (CD Soils),Forest,,,,,,,young,,,,,,,
LOWCan,,Old Evergreen Forest (AB Soils),Forest,,,,,,Evergreen,Old,AB,,,,,,
LOWCan,,Old Evergreen Forest (CD Soils),Forest,,,,,,Evergreen,Old,CD,,,,,,
LOWCan,,Agricultural - High Till,Agricultural,,,Conventional,,,,,,,,,,,
LOWCan,,Agricultural - Low Till,Agricultural,,,Conservation,,,,,,,,,,,
LOWCan,,Grasslands,Grassland,,,,,,,,,,,,,,
LOWCan,,Feedlot,Feedlot,,,,,,,,,,,,,,
TurtleRiver,,Wetland,Wetland,,,,,,,,,,,,,,
TurtleRiver,,Urban,Urban,,,,,,,,,,,,,,
TurtleRiver,,Old Deciduous Forest (AB Soils),Forest,,,,,,Deciduous,Old,AB,,,,,,
TurtleRiver,,Old Deciduous Forest (CD Soils),Forest,,,,,,Deciduous,Old,CD,,,,,,
TurtleRiver,,Young Forest (AB Soils),Forest,,,,,,,Young,,,,,,,
TurtleRiver,,Young Forest (CD Soils),Forest,,,,,,,young,,,,,,,
TurtleRiver,,Old Evergreen Forest (AB Soils),Forest,,,,,,Evergreen,Old,AB,,,,,,
TurtleRiver,,Old Evergreen Forest (CD Soils),Forest,,,,,,Evergreen,Old,CD,,,,,,
TurtleRiver,,Agricultural - High Till,Agricultural,,,Conventional,,,,,,,,,,,
TurtleRiver,,Agricultural - Low Till,Agricultural,,,Conservation,,,,,,,,,,,
TurtleRiver,,Grasslands,Grassland,,,,,,,,,,,,,,
TurtleRiver,,Feedlot,Feedlot,,,,,,,,,,,,,,
MetroMN,,Urban,Urban,,,,,,,,,,,,,,
MetroMN,,Forest,Forest,,,,,,,,,,,,,,
MetroMN,,Cropland Conservation AB,Agricultural,,,Conservation,,,,,AB,,,,,,
MetroMN,,Cropland Conventional AB,Agricultural,,,Conventional,,,,,AB,,,,,,
MetroMN,,Cropland Conservation CD,Agricultural,,,Conservation,,,,,CD,,,,,,
MetroMN,,Grassland,Grassland,,,,,,,,,,,,,,
MetroMN,,Pasture,Agricultural,,Pasture,,,,,,,,,,,,
MetroMN,,Wetland,Wetland,,,,,,,,,,,,,,
MetroMN,,Feedlot,Feedlot,,,,,,,,,,,,,,
MetroMN,,Bluff,Bluff,,,,,,,,,,,,,,
MetroMN,,Ravine,Ravine,,,,,,,,,,,,,,
MetroMN,,Cropland Conventional CD,Agricultural,,,Conventional,,,,,CD,,,,,,
MetroMN,,Cropland Manure AB,Agricultural,,,Conventional,Manure,,,,AB,,,,,,
RedLake,,Urban,Urban,,,,,,,,,,,,,,
RedLake,,Forest Well Drained,Forest,,,,,,,,Drained,,,,,,
RedLake,,Forest Poorly drained,Forest,,,,,,,,,,,,,,
RedLake,,Cropland High Till,Agricultural,,Cropland,Conventional,,,,,,,,,,,
RedLake,,Cropland Low Till,Agricultural,,Cropland,Conservation,,,,,,,,,,,
RedLake,,Grassland,Grassland,,,,,,,,,,,,,,
RedLake,,Pasture Well Drained,Agricultural,,Pasture,,,,,,Drained,,,,,,
RedLake,,Pasture Poorly Drained,Agricultural,,Pasture,,,,,,,,,,,,
RedLake,,Wetland,Wetland,,,,,,,,,,,,,,
RedLake,,Feedlot,Feedlot,,,,,,,,,,,,,,
